data,local,risco,n_pessoas,origem,espera,vulneraveis,necessita_medico,nivel_aguasentimento,confiavel,prioridade,nivel_agua,sentimento
2021-12-23 14:46:36,0,3,2,190,104,False,False,,True,3,cintura,panico
2021-03-17 08:38:19,43,3,5,instagram,115,False,False,,True,2,tornozelo,calmo
2026-04-12 16:13:22,25,4,2,instagram,78,False,False,,False,2,tornozelo,calmo
2020-04-16 16:36:03,36,1,1,instagram,30,False,False,,True,0,tornozelo,nervoso
2023-09-06 20:00:28,22,2,2,instagram,115,False,False,,True,2,tornozelo,panico
2020-06-20 07:29:08,11,1,7,whatsapp,109,False,False,,False,0,cintura,nervoso
2025-02-09 04:57:09,25,3,8,190,48,False,False,,True,3,cintura,panico
2020-03-26 22:01:59,21,4,5,whatsapp,74,False,True,,True,3,cintura,calmo
2023-01-28 22:43:24,8,3,2,190,14,False,False,,True,1,tornozelo,nervoso
2022-07-15 12:32:46,5,2,6,instagram,68,False,True,,False,3,tornozelo,nervoso
2021-05-15 02:12:35,0,2,3,instagram,30,True,False,,True,1,tornozelo,nervoso
2023-11-18 12:39:41,37,2,6,190,76,True,False,,True,5,teto,nervoso
2020-03-12 02:41:08,18,2,3,whatsapp,11,False,False,,True,0,cintura,calmo
2024-09-26 22:51:10,45,3,2,190,81,False,False,,True,0,cintura,panico
2021-01-17 21:31:55,23,2,9,190,5,False,False,,True,4,teto,panico
2023-09-13 10:07:05,30,2,8,190,84,False,False,,True,2,cintura,nervoso
2025-06-28 18:59:47,26,1,3,190,27,False,False,,True,0,tornozelo,nervoso
2025-05-16 14:48:52,47,1,2,whatsapp,61,True,False,,True,3,cintura,panico
2020-08-14 04:16:35,39,3,8,whatsapp,4,False,False,,True,2,tornozelo,calmo
2024-07-10 20:01:23,48,1,8,190,59,True,False,,True,4,teto,calmo
2024-06-01 05:45:15,32,4,3,190,53,False,False,,True,1,tornozelo,nervoso
2022-03-28 02:50:06,19,2,7,whatsapp,79,False,False,,True,3,tornozelo,panico
2021-05-21 02:57:29,31,2,7,whatsapp,103,False,False,,False,2,tornozelo,calmo
2026-02-15 21:17:27,10,2,6,whatsapp,9,False,False,,True,1,tornozelo,calmo
2025-11-24 12:26:04,23,1,8,instagram,0,False,True,,True,2,tornozelo,nervoso
2025-08-14 10:43:41,13,4,7,whatsapp,28,True,False,,False,4,tornozelo,panico
2020-11-06 22:59:29,38,2,5,190,20,True,False,,True,4,teto,panico
2024-10-06 05:36:07,28,2,8,190,35,False,False,,True,1,cintura,calmo
2020-12-07 23:56:04,38,1,5,190,107,False,False,,True,3,teto,nervoso
2026-03-05 18:53:59,15,1,5,instagram,111,False,False,,True,4,teto,panico
2020-05-26 17:50:19,0,5,4,whatsapp,50,False,False,,True,2,tornozelo,panico
2023-01-08 12:10:31,29,2,5,instagram,101,False,True,,True,3,cintura,panico
2026-04-19 20:38:18,16,3,6,whatsapp,64,False,False,,False,0,teto,calmo
2021-04-03 22:45:17,42,2,5,whatsapp,96,False,False,,True,3,teto,nervoso
2022-01-08 13:34:11,25,0,7,instagram,3,False,False,,True,1,tornozelo,nervoso
2020-07-16 18:05:54,46,1,7,190,105,False,False,,True,4,teto,nervoso
2023-12-30 06:59:24,43,2,4,whatsapp,54,True,False,,True,3,teto,calmo
2023-05-10 18:49:27,14,3,5,190,48,False,False,,True,4,teto,panico
2022-07-07 02:53:15,43,1,6,instagram,113,False,False,,False,4,teto,nervoso
2022-01-22 03:48:33,4,2,3,instagram,25,False,False,,True,1,cintura,panico
2024-07-15 21:23:53,1,2,4,instagram,53,False,False,,True,0,teto,calmo
2024-12-03 04:13:28,1,3,2,190,106,False,False,,False,3,tornozelo,panico
2021-08-08 12:44:38,11,2,2,whatsapp,90,False,False,,True,3,teto,nervoso
2022-05-16 12:21:18,2,3,3,whatsapp,62,False,False,,True,0,teto,calmo
2025-09-11 21:37:24,23,2,2,whatsapp,113,True,False,,True,2,cintura,nervoso
2020-08-25 17:58:02,25,3,5,190,70,False,False,,True,3,tornozelo,panico
2025-01-04 19:50:11,45,3,3,190,68,False,False,,True,0,cintura,panico
2025-08-17 13:56:15,41,2,4,whatsapp,98,False,False,,True,2,tornozelo,panico
2022-01-02 13:27:19,13,2,8,190,49,False,False,,True,0,cintura,calmo
2023-07-15 19:37:16,35,4,2,whatsapp,34,False,False,,True,0,teto,calmo
2021-04-18 02:08:45,15,2,2,whatsapp,35,False,True,,True,2,cintura,panico
2022-07-01 10:11:21,12,5,6,190,71,False,False,,True,3,cintura,nervoso
2020-05-16 23:19:53,40,3,9,whatsapp,47,False,False,,True,5,teto,panico
2024-12-06 20:32:49,44,1,1,instagram,23,False,False,,False,0,tornozelo,nervoso
2025-03-26 11:02:23,4,3,6,whatsapp,24,False,False,,True,4,teto,nervoso
2020-07-26 00:58:39,13,3,2,whatsapp,14,False,True,,True,3,cintura,panico
2025-07-10 18:57:31,35,0,9,instagram,112,False,False,,True,3,tornozelo,panico
2023-10-07 09:08:48,43,3,2,instagram,40,True,False,,True,4,teto,nervoso
2025-02-20 20:28:02,19,4,8,whatsapp,104,False,False,,True,5,teto,calmo
2021-06-15 12:38:29,37,2,7,190,52,False,False,,True,1,cintura,calmo
2026-04-14 21:31:18,27,1,7,whatsapp,44,False,False,,True,3,teto,calmo
2024-08-08 14:39:14,23,3,5,instagram,66,False,False,,True,0,teto,calmo
2024-02-13 10:36:04,34,2,8,whatsapp,101,False,False,,True,0,cintura,nervoso
2022-08-30 09:17:32,39,3,7,190,83,True,False,,True,5,tornozelo,panico
2024-06-01 23:24:39,48,1,8,instagram,58,False,False,,True,1,cintura,nervoso
2021-04-20 06:11:06,18,2,2,190,101,False,False,,True,1,cintura,nervoso
2023-04-09 21:37:52,21,3,7,whatsapp,1,False,True,,True,3,cintura,nervoso
2023-12-17 11:08:39,26,3,5,whatsapp,55,False,False,,True,0,cintura,panico
2024-07-16 04:47:47,25,3,2,instagram,41,False,False,,True,2,tornozelo,panico
2020-09-14 04:29:56,30,3,3,instagram,111,False,False,,True,2,cintura,calmo
2022-01-27 20:39:02,32,1,8,190,54,False,False,,True,1,tornozelo,calmo
2022-08-17 21:39:13,46,2,8,whatsapp,53,False,False,,True,1,cintura,calmo
2023-03-08 13:10:02,47,4,6,190,70,False,False,,True,6,teto,panico
2024-03-14 23:08:19,21,2,6,whatsapp,30,False,False,,True,4,teto,panico
2026-01-25 05:11:04,36,1,8,190,105,False,False,,False,2,cintura,calmo
2023-12-23 04:24:13,44,3,5,whatsapp,55,False,False,,True,4,teto,panico
2022-12-30 22:09:40,48,2,8,190,18,True,False,,True,0,teto,nervoso
2024-12-28 15:03:05,2,1,9,instagram,27,False,False,,True,1,tornozelo,nervoso
2020-12-07 07:48:32,12,3,6,whatsapp,86,False,False,,True,3,tornozelo,calmo
2024-11-19 15:19:56,20,4,7,190,70,False,False,,True,4,cintura,panico
2021-04-17 09:07:32,14,4,9,instagram,18,False,True,,True,5,teto,calmo
2021-10-01 03:21:20,29,2,2,190,22,False,False,,True,0,tornozelo,nervoso
2025-02-14 05:11:08,25,0,4,whatsapp,56,False,False,,True,2,teto,nervoso
2024-02-07 22:24:59,24,3,3,instagram,69,True,False,,True,4,cintura,panico
2021-07-13 11:10:14,1,4,7,whatsapp,9,False,False,,True,2,tornozelo,calmo
2021-09-01 07:31:51,1,2,4,instagram,3,False,False,,False,0,tornozelo,nervoso
2021-01-07 12:04:52,4,1,2,whatsapp,100,False,False,,True,1,cintura,calmo
2021-08-08 02:04:49,8,2,7,instagram,61,False,False,,True,2,cintura,nervoso
2024-03-27 10:33:34,9,2,6,whatsapp,43,False,False,,True,0,teto,panico
2026-03-29 20:57:00,18,2,9,whatsapp,55,False,False,,False,3,teto,calmo
2025-07-27 13:44:20,41,3,8,whatsapp,5,True,False,,True,0,teto,nervoso
2022-04-08 18:27:01,16,3,7,190,3,False,False,,True,2,tornozelo,calmo
2020-01-07 22:40:09,39,3,3,whatsapp,26,False,False,,True,0,cintura,panico
2022-11-14 16:54:48,23,2,2,190,21,True,False,,True,1,cintura,calmo
2026-02-15 08:47:48,48,4,9,whatsapp,25,False,False,,True,3,tornozelo,panico
2020-03-05 01:24:33,1,1,1,instagram,59,True,False,,True,1,tornozelo,nervoso
2021-12-05 00:17:14,30,3,8,190,118,False,False,,True,3,cintura,nervoso
2021-05-18 11:06:30,22,3,1,190,100,False,False,,True,2,tornozelo,calmo
2025-07-30 17:06:38,17,2,5,190,33,False,False,,True,0,teto,nervoso
2022-12-09 20:26:50,39,2,3,190,109,False,False,,True,1,cintura,nervoso
2024-07-11 04:41:37,30,3,6,whatsapp,4,False,False,,True,4,teto,calmo
2021-06-29 16:35:51,9,3,8,190,22,False,False,,True,2,tornozelo,nervoso
2020-01-11 20:36:07,12,3,8,instagram,86,False,False,,True,4,tornozelo,panico
2024-06-29 20:50:01,25,3,6,190,76,False,False,,True,3,cintura,calmo
2020-05-01 20:53:29,18,1,6,190,2,False,True,,True,2,cintura,calmo
2024-08-25 15:44:20,29,3,9,190,111,False,True,,True,6,teto,calmo
2025-12-05 17:16:15,8,5,2,whatsapp,13,False,False,,True,3,teto,nervoso
2022-02-11 10:54:01,47,3,5,whatsapp,82,False,False,,True,3,tornozelo,panico
2025-07-28 08:00:31,8,2,1,instagram,55,True,False,,True,3,teto,nervoso
2023-03-19 19:39:06,18,2,6,190,88,False,False,,True,2,cintura,calmo
2021-09-22 21:14:13,46,3,5,whatsapp,9,False,False,,True,4,teto,panico
2024-02-14 10:04:15,43,3,1,whatsapp,110,False,False,,True,4,teto,nervoso
2024-11-15 20:51:20,32,2,2,instagram,110,False,False,,True,3,teto,calmo
2020-04-30 23:51:42,22,2,6,190,39,False,False,,True,3,teto,nervoso
2023-10-14 18:17:06,27,3,2,instagram,19,False,False,,True,3,teto,nervoso
2026-04-05 04:14:31,36,4,3,190,58,False,False,,True,1,cintura,calmo
2020-04-26 05:50:32,3,3,9,190,28,True,False,,True,3,tornozelo,calmo
2021-03-19 06:57:44,47,3,8,whatsapp,90,False,False,,True,4,tornozelo,panico
2022-03-22 11:28:47,1,2,3,whatsapp,86,False,False,,True,1,cintura,nervoso
2021-10-29 10:16:23,1,2,1,190,47,False,False,,True,1,cintura,panico
2023-03-03 04:35:15,6,5,5,190,70,False,False,,True,0,teto,panico
2024-08-30 00:11:13,23,4,8,instagram,59,False,False,,True,2,tornozelo,calmo
2021-06-30 17:06:54,26,1,7,instagram,113,False,False,,True,2,tornozelo,calmo
2023-01-08 15:38:24,24,3,7,190,78,False,False,,True,6,teto,panico
2024-03-24 04:51:53,27,3,8,whatsapp,21,False,False,,True,4,teto,nervoso
2024-07-29 15:06:24,39,1,8,whatsapp,65,False,False,,True,0,tornozelo,nervoso
2024-09-25 23:35:37,20,2,5,190,52,True,False,,True,3,teto,nervoso
2025-07-01 14:48:13,36,2,5,190,42,False,False,,False,0,tornozelo,calmo
2022-03-25 04:28:50,24,3,9,instagram,70,True,False,,True,5,tornozelo,panico
2020-09-29 08:00:50,41,2,7,190,86,False,False,,False,5,teto,panico
2020-12-25 17:45:01,5,2,2,190,84,False,False,,True,1,tornozelo,nervoso
2020-06-08 21:56:35,47,2,8,190,8,False,False,,True,2,cintura,panico
2020-03-11 20:08:20,17,1,6,190,23,False,False,,True,2,tornozelo,panico
2026-02-28 08:03:02,0,3,4,whatsapp,86,False,False,,True,5,teto,panico
2025-10-19 21:51:34,34,3,6,190,24,False,False,,True,5,teto,panico
2024-11-06 15:55:59,39,2,8,190,9,False,False,,True,2,cintura,panico
2022-03-04 08:17:40,28,2,6,whatsapp,95,False,False,,True,2,tornozelo,nervoso
2024-09-05 11:10:42,33,3,6,instagram,62,False,False,,True,6,teto,panico
2023-05-25 06:11:49,30,3,3,instagram,35,False,False,,False,1,tornozelo,calmo
2022-09-18 19:47:06,44,1,2,instagram,24,False,False,,True,0,cintura,calmo
2021-08-05 01:59:19,30,3,7,instagram,56,False,True,,True,3,tornozelo,calmo
2026-03-18 14:39:34,19,2,8,instagram,75,False,False,,True,3,tornozelo,panico
2020-05-24 09:42:19,4,4,9,190,80,False,False,,True,3,cintura,calmo
2022-06-27 22:53:28,40,3,8,whatsapp,30,False,False,,False,2,tornozelo,calmo
2020-03-18 13:56:51,18,2,8,190,13,False,False,,False,1,cintura,calmo
2020-08-28 15:48:19,25,3,4,whatsapp,67,True,True,,True,4,tornozelo,calmo
2020-08-13 04:23:52,27,2,1,instagram,87,True,False,,False,2,tornozelo,nervoso
2026-02-08 23:19:47,20,2,2,instagram,79,False,False,,True,3,teto,calmo
2021-02-23 04:15:05,11,3,2,190,32,False,False,,True,3,teto,nervoso
2020-03-19 10:48:00,12,2,5,190,100,True,False,,False,2,tornozelo,calmo
2023-02-17 11:13:43,7,2,3,whatsapp,92,False,False,,False,1,cintura,nervoso
2023-07-29 14:45:56,24,2,2,instagram,107,False,False,,True,0,teto,panico
2022-09-06 22:36:42,19,1,3,190,20,True,False,,True,1,tornozelo,calmo
2025-07-24 18:40:38,11,1,1,instagram,38,False,False,,False,1,cintura,panico
2020-12-20 00:30:52,44,3,5,190,10,False,False,,True,1,tornozelo,calmo
2022-08-07 01:41:46,16,1,5,instagram,42,False,False,,False,2,teto,nervoso
2021-12-09 02:24:45,44,3,8,whatsapp,78,False,False,,False,4,tornozelo,panico
2020-04-09 14:50:28,34,3,3,190,71,False,False,,True,0,teto,panico
2024-06-01 03:41:39,17,3,5,instagram,55,False,False,,True,1,tornozelo,calmo
2024-09-24 01:29:17,33,2,9,whatsapp,11,False,False,,True,3,teto,calmo
2025-12-04 21:17:42,33,0,6,190,21,False,False,,True,4,teto,panico
2024-05-31 06:04:11,40,3,9,instagram,108,True,False,,True,6,teto,calmo
2023-12-02 11:05:11,18,1,2,instagram,38,False,True,,True,3,teto,calmo
2025-12-19 09:17:38,15,4,9,whatsapp,7,False,False,,True,3,cintura,panico
2021-02-10 15:51:43,24,4,8,190,103,False,False,,True,5,teto,calmo
2022-09-07 10:16:19,6,3,3,whatsapp,8,False,False,,True,3,teto,calmo
2023-09-04 02:50:27,25,1,6,whatsapp,106,False,False,,True,2,cintura,calmo
2020-02-20 03:30:54,43,4,3,whatsapp,21,False,False,,True,1,tornozelo,nervoso
2025-04-30 06:45:03,41,2,7,whatsapp,50,False,False,,True,3,teto,nervoso
2025-08-08 03:24:27,26,2,4,190,86,True,False,,True,4,teto,nervoso
2022-10-01 14:28:11,40,1,3,instagram,49,False,False,,True,0,cintura,nervoso
2025-12-01 14:54:04,21,3,9,190,88,False,True,,True,6,teto,nervoso
2021-04-26 19:07:21,4,1,8,whatsapp,33,False,False,,True,0,tornozelo,panico
2025-02-02 06:50:23,39,3,5,190,30,True,False,,True,3,cintura,panico
2023-01-15 00:18:46,2,3,8,whatsapp,110,False,False,,True,3,tornozelo,nervoso
2020-04-03 05:20:40,14,3,7,190,62,False,False,,True,4,cintura,panico
2020-11-21 15:50:07,24,2,5,instagram,77,True,False,,True,2,cintura,calmo
2022-04-12 22:20:02,24,4,9,whatsapp,57,True,False,,True,0,tornozelo,nervoso
2020-02-02 00:56:45,3,3,2,whatsapp,89,False,False,,True,3,cintura,panico
2021-06-01 14:04:01,5,2,1,whatsapp,26,False,False,,True,1,tornozelo,panico
2025-07-09 22:46:54,13,2,3,190,103,False,False,,True,2,tornozelo,panico
2025-12-20 16:56:22,18,3,1,whatsapp,15,False,False,,True,1,cintura,calmo
2024-06-08 02:24:02,22,3,3,instagram,54,False,False,,False,4,teto,panico
2022-04-09 09:12:23,41,2,1,whatsapp,11,False,False,,True,1,cintura,panico
2021-09-25 19:18:29,48,1,3,whatsapp,86,True,False,,True,4,teto,nervoso
2021-10-08 12:17:29,36,1,5,whatsapp,37,False,False,,True,1,cintura,panico
2024-04-28 19:25:32,33,4,2,whatsapp,65,False,False,,True,0,tornozelo,panico
2023-11-22 04:05:35,6,3,2,whatsapp,19,False,False,,True,2,tornozelo,panico
2022-05-10 20:21:35,0,5,1,190,54,False,False,,True,2,tornozelo,panico
2021-03-01 06:27:28,4,3,2,instagram,19,False,False,,True,1,cintura,nervoso
2025-11-14 07:00:29,3,2,1,instagram,18,False,False,,True,1,tornozelo,panico
2022-02-08 19:01:47,33,2,4,instagram,63,False,False,,True,1,tornozelo,nervoso
2024-04-06 06:47:14,13,3,2,instagram,1,False,False,,True,2,tornozelo,panico
2021-02-08 01:59:31,42,3,3,whatsapp,56,False,True,,True,3,cintura,panico
2024-03-26 00:51:25,12,4,5,whatsapp,119,False,False,,True,4,teto,nervoso
2022-03-01 01:27:22,30,2,6,whatsapp,87,False,False,,True,4,teto,nervoso
2024-06-01 10:15:42,29,1,8,instagram,101,True,False,,True,5,teto,nervoso
2025-05-15 07:42:41,33,3,4,whatsapp,85,False,False,,True,5,teto,panico
2021-05-09 00:01:42,49,1,3,190,23,False,False,,True,2,teto,calmo
2023-01-04 17:43:20,29,2,4,190,27,False,False,,True,3,teto,panico
2023-01-27 13:33:47,47,3,8,whatsapp,79,False,False,,True,5,teto,calmo
2024-03-06 06:28:00,49,2,7,instagram,104,False,False,,False,2,cintura,nervoso
2022-04-26 00:52:48,5,4,5,190,16,False,False,,True,1,tornozelo,calmo
2026-02-17 14:28:07,22,2,9,whatsapp,19,False,False,,True,2,cintura,panico
2025-07-25 18:01:03,47,2,8,instagram,112,True,False,,True,4,cintura,panico
2023-03-07 00:40:15,33,2,8,whatsapp,6,False,False,,True,1,tornozelo,nervoso
2021-08-07 07:43:06,47,4,5,instagram,86,False,False,,True,5,teto,panico
2025-01-20 10:11:52,37,2,4,instagram,66,True,False,,True,3,tornozelo,panico
2022-01-07 17:14:32,43,1,7,190,21,False,False,,False,1,cintura,calmo
2021-05-30 18:06:27,40,2,6,190,0,False,True,,True,3,cintura,panico
2022-07-31 14:29:35,40,4,9,190,89,False,False,,True,5,teto,nervoso
2021-11-02 23:28:16,45,3,2,whatsapp,0,False,True,,True,2,cintura,calmo
2023-08-25 21:38:24,28,4,6,whatsapp,24,False,False,,False,3,cintura,panico
2020-05-25 03:20:03,11,2,2,instagram,105,False,False,,True,1,cintura,nervoso
2021-02-26 23:33:24,26,3,9,190,50,False,False,,True,3,cintura,panico
2025-07-11 20:50:52,8,3,3,instagram,28,False,False,,True,1,tornozelo,nervoso
2021-06-17 15:03:25,29,2,4,instagram,65,False,False,,True,1,cintura,calmo
2024-10-17 15:08:36,7,1,3,whatsapp,82,True,False,,True,5,teto,panico
2026-02-09 05:11:10,11,3,7,whatsapp,96,True,False,,True,6,teto,calmo
2025-10-02 19:40:13,20,3,5,instagram,77,False,False,,True,2,tornozelo,nervoso
2024-03-21 01:59:00,17,3,9,whatsapp,58,False,False,,True,0,tornozelo,panico
2023-03-27 05:56:15,0,1,2,190,52,False,True,,True,2,tornozelo,panico
2023-09-20 20:14:22,49,2,9,190,60,True,False,,True,2,tornozelo,nervoso
2024-07-31 21:13:27,22,3,9,190,88,False,False,,True,5,teto,calmo
2022-02-12 17:53:19,24,2,6,whatsapp,110,False,False,,True,2,tornozelo,calmo
2020-01-27 12:57:25,39,2,9,instagram,90,False,False,,True,2,cintura,nervoso
2021-06-12 01:48:43,38,2,6,whatsapp,41,True,False,,True,2,cintura,calmo
2023-07-30 08:36:04,8,3,7,190,91,False,False,,True,4,cintura,panico
2025-08-03 14:09:50,21,3,1,whatsapp,41,False,False,,True,2,cintura,panico
2024-02-26 21:32:49,44,1,8,190,95,False,False,,True,2,tornozelo,nervoso
2020-07-02 16:41:04,46,1,8,instagram,115,False,False,,True,3,tornozelo,panico
2022-07-12 20:44:58,41,3,2,instagram,104,False,False,,True,3,cintura,panico
2025-08-30 07:54:34,19,4,8,instagram,19,False,False,,True,4,teto,nervoso
2026-04-20 08:59:10,38,2,4,instagram,16,False,False,,True,0,cintura,nervoso
2024-07-19 02:18:16,37,4,7,instagram,43,True,False,,True,3,cintura,calmo
2025-05-12 07:12:00,49,1,7,whatsapp,85,False,False,,True,2,cintura,calmo
2024-10-24 11:43:14,20,2,1,instagram,81,True,False,,True,2,cintura,nervoso
2025-06-15 00:15:50,22,5,2,instagram,31,False,True,,True,4,teto,nervoso
2025-05-29 08:18:18,35,3,7,instagram,18,False,False,,True,2,tornozelo,calmo
2026-03-17 21:30:39,31,1,9,instagram,40,False,False,,True,3,teto,calmo
2022-04-19 08:50:42,11,3,7,whatsapp,3,True,False,,True,6,teto,panico
2021-04-08 22:17:35,9,1,6,instagram,20,True,False,,True,3,tornozelo,panico
2022-12-12 14:35:50,46,1,5,whatsapp,83,False,False,,True,3,teto,nervoso
2025-09-10 21:10:40,7,3,9,whatsapp,19,False,True,,True,3,tornozelo,nervoso
2021-07-23 12:14:49,7,2,2,instagram,59,False,False,,False,2,teto,calmo
2024-07-06 08:53:41,45,3,8,190,19,False,False,,True,0,tornozelo,calmo
2022-03-29 00:34:48,47,1,7,whatsapp,60,True,False,,False,2,cintura,nervoso
2026-03-22 18:26:32,15,5,1,whatsapp,75,False,False,,True,2,tornozelo,nervoso
2023-05-15 02:09:07,1,1,1,190,20,False,False,,True,0,cintura,calmo
2023-04-01 04:26:42,19,1,9,whatsapp,18,False,False,,True,4,teto,panico
2020-10-01 00:20:40,36,4,8,instagram,75,True,False,,True,5,cintura,panico
2023-06-16 03:59:29,25,0,5,190,116,False,False,,True,3,teto,nervoso
2024-10-18 21:35:48,16,0,4,190,86,False,False,,True,1,cintura,calmo
2021-04-30 20:53:49,23,1,2,190,7,True,False,,True,3,teto,calmo
2021-12-26 15:50:12,27,3,4,190,75,True,False,,True,6,teto,panico
2021-01-19 14:24:53,31,3,5,190,70,False,False,,True,3,tornozelo,panico
2023-01-24 09:47:46,39,2,1,whatsapp,4,True,False,,True,2,tornozelo,panico
2022-04-14 01:33:31,0,2,5,instagram,99,False,False,,True,1,tornozelo,nervoso
2024-06-14 22:37:07,45,0,2,190,10,False,False,,True,2,teto,calmo
2020-11-17 12:02:29,30,3,8,190,88,False,False,,True,3,cintura,calmo
2022-08-28 17:49:27,36,3,1,instagram,95,True,False,,False,4,tornozelo,panico
2020-05-07 23:01:07,26,4,8,whatsapp,43,False,False,,True,4,teto,calmo
2024-07-15 12:21:43,37,2,1,190,80,False,False,,True,1,tornozelo,nervoso
2025-03-10 23:53:16,33,3,4,instagram,36,False,False,,True,1,cintura,calmo
2022-02-08 21:40:53,2,3,9,instagram,87,False,False,,True,5,teto,nervoso
2023-03-11 12:40:18,46,2,2,whatsapp,110,True,False,,True,4,teto,nervoso
2024-05-20 22:07:14,23,4,5,whatsapp,83,True,False,,True,0,cintura,nervoso
2024-04-20 15:50:27,28,3,1,whatsapp,78,False,False,,True,2,cintura,nervoso
2024-06-11 11:50:23,2,3,6,whatsapp,42,False,False,,True,3,cintura,panico
2020-07-15 14:55:18,3,3,3,190,119,False,False,,True,4,teto,nervoso
2023-05-14 15:37:09,34,3,1,whatsapp,101,False,False,,True,5,teto,panico
2020-01-01 04:59:52,2,3,9,whatsapp,1,True,False,,True,3,cintura,calmo
2024-03-04 15:30:06,4,4,1,whatsapp,91,False,True,,True,6,teto,panico
2025-12-30 17:44:53,40,1,8,instagram,34,False,False,,True,3,teto,calmo
2024-06-30 11:51:32,25,3,2,190,52,True,False,,True,3,cintura,panico
2021-05-18 11:43:10,46,4,1,instagram,30,False,False,,True,2,cintura,panico
2023-01-02 19:12:23,16,0,5,whatsapp,97,False,False,,True,2,tornozelo,panico
2022-03-10 07:39:08,44,2,7,whatsapp,89,False,False,,True,2,cintura,calmo
2024-07-08 13:07:08,35,2,3,instagram,68,False,False,,True,3,teto,calmo
2025-11-17 08:02:01,5,3,1,whatsapp,94,False,False,,True,4,teto,nervoso
2025-05-10 07:45:44,18,3,3,whatsapp,48,False,False,,True,0,cintura,calmo
2020-07-13 03:21:24,29,4,5,190,68,False,False,,True,4,teto,nervoso
2022-09-08 15:50:16,21,3,1,whatsapp,78,False,False,,False,2,cintura,calmo
2025-05-10 08:07:48,28,3,2,190,87,False,False,,True,0,cintura,calmo
2024-02-21 01:33:52,7,4,6,instagram,84,False,False,,True,5,teto,nervoso
2025-06-03 19:00:05,11,4,1,instagram,82,False,False,,True,4,teto,nervoso
2021-08-26 04:53:47,25,3,8,190,54,False,False,,True,2,cintura,calmo
2024-04-20 09:26:37,2,4,4,instagram,17,True,False,,True,2,tornozelo,nervoso
2022-12-02 06:51:20,49,3,8,190,51,False,False,,True,3,cintura,panico
2020-03-08 07:26:51,4,2,2,instagram,118,False,False,,True,0,tornozelo,nervoso
2024-01-20 06:46:36,35,2,8,whatsapp,42,False,False,,True,0,tornozelo,calmo
2024-10-27 02:21:27,41,3,1,whatsapp,108,False,True,,True,3,tornozelo,calmo
2025-03-17 14:42:18,25,1,4,instagram,25,False,False,,True,0,cintura,nervoso
2023-10-14 00:58:41,0,2,3,whatsapp,95,False,False,,True,2,cintura,panico
2023-05-06 02:14:14,13,4,7,instagram,34,False,False,,True,2,cintura,calmo
2024-02-29 18:17:14,38,2,7,190,24,False,False,,True,1,cintura,calmo
2025-03-31 00:59:44,34,2,1,190,4,False,False,,False,0,tornozelo,nervoso
2023-11-08 04:54:44,33,2,1,whatsapp,92,False,False,,True,1,tornozelo,calmo
2022-04-25 05:24:53,14,5,9,190,109,True,False,,True,0,cintura,calmo
2021-06-12 16:02:29,24,2,9,instagram,61,False,False,,True,2,cintura,calmo
2020-10-22 07:07:23,44,3,2,whatsapp,12,False,False,,True,3,teto,calmo
2025-07-28 19:25:45,10,2,8,whatsapp,28,False,False,,True,1,cintura,nervoso
2020-04-09 23:27:51,40,2,3,whatsapp,22,False,False,,True,0,tornozelo,panico
2020-05-16 01:14:49,47,2,2,whatsapp,72,False,False,,True,3,teto,nervoso
2025-02-24 18:33:28,34,3,3,instagram,27,False,False,,True,1,cintura,nervoso
2022-01-18 22:52:43,17,3,9,190,54,False,False,,True,2,cintura,nervoso
2020-06-17 01:18:55,36,3,6,190,37,True,False,,False,5,teto,nervoso
2020-08-19 11:40:14,27,3,1,190,28,False,False,,True,2,tornozelo,panico
2023-01-07 21:07:20,24,3,9,whatsapp,86,False,False,,True,3,tornozelo,nervoso
2020-06-14 00:48:52,21,3,4,190,83,False,False,,True,3,tornozelo,panico
2021-02-06 16:49:52,33,2,4,190,72,False,False,,True,3,teto,calmo
2023-10-12 03:50:13,39,2,8,instagram,89,True,False,,True,4,cintura,panico
2025-10-06 17:01:50,20,1,6,190,116,False,False,,True,0,teto,panico
2025-02-17 19:14:52,13,3,6,instagram,80,False,False,,False,3,cintura,calmo
2021-05-21 20:29:51,40,5,3,190,35,False,False,,True,2,tornozelo,panico
2020-01-28 11:10:40,36,3,8,190,103,False,False,,True,3,cintura,nervoso
2022-01-27 13:56:37,4,0,7,instagram,73,False,True,,True,3,cintura,nervoso
2020-03-06 04:36:10,48,1,9,whatsapp,33,False,False,,True,1,tornozelo,calmo
2021-11-27 01:20:56,49,1,9,whatsapp,68,False,True,,True,3,tornozelo,calmo
2022-01-05 04:01:49,31,5,7,190,81,True,False,,True,4,cintura,nervoso
2025-11-25 09:18:25,44,2,6,whatsapp,64,False,False,,True,3,tornozelo,panico
2023-12-21 09:56:48,12,4,7,whatsapp,96,False,True,,True,5,tornozelo,panico
2024-04-19 06:52:02,43,2,9,instagram,91,False,False,,True,2,tornozelo,nervoso
2024-03-29 18:56:19,44,3,3,190,112,False,False,,True,2,tornozelo,nervoso
2022-11-15 07:35:50,47,2,9,instagram,67,False,False,,True,2,tornozelo,nervoso
2020-06-07 00:43:09,30,2,9,whatsapp,19,False,False,,True,0,teto,nervoso
2021-07-21 03:22:09,37,0,4,instagram,62,False,False,,True,2,tornozelo,panico
2025-05-11 11:40:48,13,1,3,whatsapp,74,False,False,,True,4,teto,panico
2021-08-23 18:40:38,37,3,7,190,109,False,False,,True,6,teto,panico
2023-02-21 08:36:56,38,3,7,whatsapp,44,False,False,,True,3,cintura,panico
2023-08-08 19:25:29,17,2,6,whatsapp,56,True,False,,True,3,tornozelo,panico
2023-09-16 16:40:40,39,4,9,instagram,102,False,False,,True,3,cintura,calmo
2025-10-06 09:26:17,33,3,3,whatsapp,34,False,False,,True,1,cintura,calmo
2025-06-25 10:36:27,31,2,1,whatsapp,84,False,False,,True,2,tornozelo,panico
2022-01-15 12:08:30,32,3,7,instagram,67,False,False,,True,0,teto,nervoso
2024-11-09 06:34:51,24,2,8,instagram,30,False,False,,True,3,teto,nervoso
2021-08-16 14:42:01,44,3,6,whatsapp,38,False,False,,True,0,teto,panico
2025-04-26 01:43:41,0,1,5,whatsapp,30,True,False,,True,3,teto,nervoso
2022-04-10 23:05:59,9,2,6,instagram,51,False,False,,True,3,teto,calmo
2025-12-17 01:55:52,20,3,8,190,95,True,False,,True,5,tornozelo,panico
2024-09-04 06:05:55,49,2,3,whatsapp,37,False,False,,True,0,cintura,nervoso
2023-08-21 17:38:58,48,1,3,whatsapp,15,False,False,,True,0,tornozelo,calmo
2021-01-14 19:06:34,8,3,8,whatsapp,111,False,False,,False,0,teto,nervoso
2023-08-29 20:42:17,1,2,2,190,3,True,False,,True,2,cintura,panico
2023-01-20 12:31:32,10,2,6,instagram,87,False,False,,True,3,cintura,panico
2026-04-06 14:34:26,3,1,3,whatsapp,62,True,False,,True,3,cintura,panico
2020-09-10 09:45:31,15,3,9,instagram,15,False,False,,True,5,teto,panico
2025-06-03 16:10:45,7,3,8,190,10,False,False,,False,0,tornozelo,panico
2020-04-05 16:22:59,5,2,6,instagram,0,False,False,,False,1,cintura,nervoso
2021-04-20 18:44:43,23,1,5,190,23,False,False,,True,0,cintura,nervoso
2020-11-17 12:41:54,2,2,4,whatsapp,106,True,False,,False,4,teto,nervoso
2025-08-03 14:27:48,36,2,2,whatsapp,87,False,True,,True,2,cintura,calmo
2021-04-27 17:03:26,19,3,6,190,12,False,False,,False,2,cintura,nervoso
2022-07-16 00:04:30,28,1,4,190,39,False,False,,True,0,cintura,calmo
2020-12-28 19:28:27,21,2,9,190,88,True,False,,True,3,tornozelo,nervoso
2022-11-01 17:03:35,41,4,3,190,94,True,False,,True,4,cintura,panico
2020-10-22 15:29:00,34,2,6,190,48,False,False,,True,3,teto,nervoso
2022-09-12 08:25:36,34,3,9,190,55,False,False,,False,3,cintura,panico
2021-10-10 01:20:10,47,2,6,190,86,False,False,,False,2,tornozelo,nervoso
2026-01-06 14:50:32,32,3,7,whatsapp,76,False,False,,True,3,cintura,calmo
2023-12-09 10:59:08,41,2,8,instagram,0,False,False,,True,1,cintura,nervoso
2023-05-13 12:56:42,24,1,5,whatsapp,88,False,False,,True,2,tornozelo,panico
2024-03-31 22:01:26,5,3,3,instagram,106,False,False,,True,4,teto,nervoso
2023-02-17 13:37:20,34,1,2,whatsapp,13,False,False,,True,0,cintura,nervoso
2025-04-05 14:14:34,38,3,2,instagram,35,False,False,,True,0,teto,panico
2022-09-09 00:02:11,6,1,5,whatsapp,93,False,False,,True,0,cintura,calmo
2023-03-19 10:52:37,35,2,3,whatsapp,68,False,False,,True,1,cintura,nervoso
2021-12-01 21:11:44,34,2,4,whatsapp,13,True,False,,False,1,tornozelo,nervoso
2024-11-22 06:39:16,9,1,4,instagram,82,False,False,,True,1,tornozelo,calmo
2024-10-12 17:28:08,48,1,8,instagram,40,True,False,,True,0,tornozelo,nervoso
2025-09-23 21:28:09,41,2,8,instagram,13,False,False,,True,0,teto,nervoso
2023-10-15 02:40:25,17,2,7,whatsapp,25,False,False,,True,1,tornozelo,calmo
2021-09-30 20:21:17,43,2,9,instagram,38,False,False,,True,3,teto,calmo
2022-02-06 17:57:38,24,3,3,instagram,32,True,True,,True,4,cintura,panico
2020-02-27 08:47:45,10,4,8,190,43,False,False,,True,2,cintura,nervoso
2024-09-23 10:11:25,42,2,4,whatsapp,83,False,False,,True,1,cintura,calmo
2021-03-06 01:26:30,0,1,3,instagram,72,True,False,,True,4,teto,calmo
2026-01-23 23:03:03,35,2,6,whatsapp,44,False,False,,True,3,teto,calmo
2023-01-19 04:16:37,8,2,5,whatsapp,2,True,False,,True,0,teto,nervoso
2025-11-04 10:28:05,41,1,2,190,62,False,False,,True,2,cintura,panico
2023-05-09 21:58:01,7,3,7,instagram,115,False,False,,True,4,tornozelo,panico
2021-08-10 22:46:52,19,3,9,whatsapp,36,False,False,,True,0,tornozelo,nervoso
2025-09-01 21:57:21,10,2,9,instagram,80,False,False,,True,5,teto,panico
2020-06-27 23:56:25,23,4,8,whatsapp,63,False,False,,True,4,cintura,panico
2023-01-08 12:45:00,20,4,8,whatsapp,34,True,False,,True,5,teto,calmo
2025-08-25 06:47:23,15,0,8,190,3,False,False,,True,3,teto,nervoso
2020-12-23 03:09:55,41,4,9,whatsapp,60,False,True,,True,3,tornozelo,calmo
2022-09-17 13:07:18,36,1,6,190,87,False,False,,False,4,teto,nervoso
2023-08-06 05:34:48,32,1,9,whatsapp,92,False,False,,True,2,tornozelo,calmo
2020-06-10 18:26:39,32,4,6,whatsapp,39,False,False,,True,4,teto,nervoso
2022-07-13 15:54:33,29,4,8,190,114,False,False,,True,4,cintura,panico
2022-12-29 19:29:14,23,1,1,190,110,False,False,,True,1,tornozelo,nervoso
2026-01-18 07:12:52,49,2,1,190,47,True,True,,True,2,cintura,calmo
2024-11-25 09:08:54,42,2,8,instagram,64,True,False,,False,3,cintura,nervoso
2022-09-13 00:27:45,40,2,8,instagram,97,False,False,,True,2,tornozelo,nervoso
2025-04-11 04:20:44,29,0,2,instagram,85,False,False,,True,0,cintura,panico
2026-03-30 10:49:36,39,1,3,whatsapp,9,False,False,,True,0,cintura,calmo
2022-09-30 03:06:49,29,1,9,whatsapp,109,True,False,,True,5,teto,nervoso
2022-03-21 19:33:07,42,3,6,190,109,False,False,,False,6,teto,panico
2022-06-24 02:22:41,3,1,1,whatsapp,36,True,True,,True,3,cintura,panico
2024-06-04 03:54:48,26,3,1,190,28,False,False,,True,3,teto,calmo
2024-05-14 10:45:34,17,2,6,whatsapp,115,False,False,,True,4,teto,nervoso
2020-02-15 19:38:59,7,1,7,instagram,42,True,False,,True,0,cintura,nervoso
2026-02-06 11:22:36,38,3,1,whatsapp,119,False,False,,True,3,cintura,panico
2020-06-27 14:01:54,45,2,3,instagram,56,True,False,,True,1,cintura,calmo
2023-01-10 02:18:37,44,3,2,190,15,True,False,,True,3,tornozelo,panico
2021-08-08 09:31:25,20,2,9,instagram,94,False,False,,True,2,tornozelo,nervoso
2024-08-04 20:24:55,31,3,2,190,14,False,True,,True,4,teto,calmo
2023-12-22 11:46:02,29,1,6,whatsapp,68,False,False,,True,5,teto,panico
2020-07-06 18:37:40,39,1,7,instagram,38,False,False,,True,3,teto,nervoso
2024-03-27 02:41:06,25,1,7,whatsapp,79,True,False,,True,5,teto,calmo
2025-06-27 15:15:52,14,3,5,190,118,False,False,,False,5,teto,panico
2024-01-11 05:30:20,34,2,6,instagram,24,False,True,,True,3,cintura,panico
2024-06-16 05:42:58,38,2,3,190,42,False,False,,True,0,cintura,nervoso
2025-12-21 23:23:18,45,3,3,190,101,False,False,,True,0,teto,calmo
2021-01-26 09:04:03,5,2,1,instagram,72,True,False,,True,2,tornozelo,nervoso
2020-11-18 05:38:56,45,4,6,whatsapp,33,False,True,,True,3,tornozelo,calmo
2024-07-09 14:33:04,45,2,1,instagram,39,True,False,,True,1,cintura,nervoso
2021-11-14 07:23:24,48,3,8,instagram,67,False,False,,True,3,cintura,nervoso
2022-11-29 23:52:50,22,4,6,190,114,False,False,,False,5,teto,nervoso
2024-04-12 08:51:24,48,1,1,instagram,68,False,False,,True,3,teto,calmo
2025-07-03 01:40:16,8,2,8,instagram,48,False,False,,True,4,teto,panico
2021-01-09 00:28:29,44,3,9,whatsapp,24,False,False,,True,2,cintura,nervoso
2020-06-30 03:57:18,0,5,3,whatsapp,72,True,False,,True,5,teto,calmo
2025-08-12 18:28:04,9,2,8,whatsapp,108,False,False,,True,5,teto,panico
2022-04-10 09:48:07,41,3,1,190,114,False,False,,True,2,tornozelo,nervoso
2020-05-17 01:34:04,3,3,6,190,43,True,False,,True,4,cintura,panico
2023-07-07 00:12:59,10,3,2,190,29,True,False,,True,0,cintura,nervoso
2023-11-04 17:06:04,33,1,9,190,31,True,False,,False,2,cintura,calmo
2025-12-18 20:56:26,22,3,4,instagram,25,True,False,,True,4,teto,nervoso
2025-10-25 12:06:01,14,2,5,instagram,13,False,True,,True,3,teto,nervoso
2024-02-03 13:35:07,37,0,9,instagram,64,False,True,,True,5,teto,calmo
2025-06-01 23:12:10,6,1,3,instagram,103,False,False,,True,2,tornozelo,panico
2020-12-13 00:48:00,8,2,3,whatsapp,116,True,False,,True,2,tornozelo,calmo
2025-12-26 00:02:02,32,2,9,instagram,70,False,False,,True,4,teto,calmo
2020-03-21 23:17:56,24,1,7,whatsapp,98,False,False,,True,4,teto,calmo
2021-11-01 01:21:13,22,3,4,190,40,False,False,,True,3,teto,calmo
2022-05-11 09:50:02,24,1,8,whatsapp,1,False,False,,True,4,teto,panico
2025-03-19 06:04:46,39,3,6,instagram,5,False,False,,True,2,tornozelo,nervoso
2023-03-08 02:25:04,4,3,4,instagram,46,True,True,,True,5,teto,nervoso
2023-06-04 17:40:41,44,4,3,whatsapp,95,False,False,,True,3,cintura,panico
2022-11-24 23:27:57,7,4,5,instagram,44,False,False,,True,1,tornozelo,calmo
2020-11-19 09:44:18,6,4,5,instagram,84,True,False,,True,4,tornozelo,panico
2024-04-19 05:42:12,38,2,5,whatsapp,115,False,False,,True,3,teto,nervoso
2024-01-23 22:32:30,44,4,2,190,62,False,False,,True,3,tornozelo,panico
2021-09-10 13:42:42,8,2,5,190,97,False,False,,False,1,cintura,calmo
2022-06-01 15:38:08,8,1,7,190,44,True,False,,True,2,tornozelo,calmo
2020-05-25 05:54:59,25,1,3,190,114,False,True,,True,5,teto,panico
2022-02-22 02:12:40,39,3,7,190,78,False,False,,True,5,teto,nervoso
2023-09-27 14:39:06,4,3,8,instagram,53,False,False,,True,3,cintura,panico
2023-07-23 06:01:10,21,1,3,instagram,79,False,False,,True,1,tornozelo,nervoso
2026-03-25 08:26:20,43,3,9,instagram,15,False,True,,True,3,cintura,calmo
2022-01-17 12:30:23,49,2,3,instagram,70,False,False,,True,0,cintura,nervoso
2020-07-06 02:47:59,32,1,7,whatsapp,68,False,False,,False,2,cintura,nervoso
2020-04-15 02:22:28,4,2,5,whatsapp,21,False,False,,True,3,teto,panico
2025-09-20 16:21:35,25,2,6,whatsapp,46,False,False,,True,3,teto,calmo
2025-04-11 19:06:11,49,2,8,instagram,86,True,True,,True,5,cintura,panico
2025-12-04 21:45:11,48,4,8,instagram,19,False,False,,True,0,tornozelo,panico
2024-10-02 08:39:38,35,1,9,190,23,True,False,,True,4,teto,nervoso
2020-07-07 17:19:27,15,2,2,whatsapp,49,False,False,,True,1,cintura,panico
2023-04-15 17:04:53,21,4,7,190,14,False,False,,True,4,teto,nervoso
2020-10-08 01:14:16,26,4,4,instagram,23,False,True,,True,2,tornozelo,nervoso
2025-11-04 16:22:38,36,2,6,instagram,0,False,False,,True,3,teto,nervoso
2023-11-13 13:35:33,47,4,9,190,84,False,False,,True,5,teto,calmo
2024-05-04 10:25:11,43,4,9,190,108,False,False,,True,6,teto,panico
2021-10-28 04:09:33,1,4,3,190,86,False,False,,True,4,teto,nervoso
2025-11-11 19:08:24,4,2,5,instagram,2,False,True,,True,0,teto,panico
2021-09-01 07:28:28,29,3,3,instagram,86,True,False,,True,3,tornozelo,calmo
2021-07-02 11:51:15,3,2,8,190,56,False,False,,True,2,tornozelo,panico
2025-07-29 10:22:36,6,1,2,instagram,42,True,False,,True,1,tornozelo,calmo
2024-08-23 13:41:57,38,1,2,whatsapp,105,False,False,,True,3,teto,calmo
2022-10-17 19:23:20,38,1,6,instagram,22,True,False,,True,2,tornozelo,calmo
2024-07-01 08:19:54,44,1,8,whatsapp,98,False,False,,True,2,tornozelo,calmo
2025-05-15 06:03:05,0,3,7,instagram,17,False,False,,True,3,tornozelo,panico
2025-03-02 08:09:23,32,4,9,instagram,4,False,False,,True,2,cintura,calmo
2023-03-25 00:16:17,0,3,8,instagram,45,False,False,,False,2,cintura,calmo
2021-07-15 12:00:15,45,3,9,190,6,False,False,,True,5,teto,panico
2025-04-17 11:56:07,49,3,9,whatsapp,14,False,False,,True,4,teto,calmo
2023-04-29 05:37:07,31,2,2,instagram,104,False,False,,True,1,tornozelo,nervoso
2025-09-21 07:40:06,15,3,4,190,43,False,False,,True,1,cintura,nervoso
2025-01-15 00:08:30,44,0,5,190,94,False,False,,True,1,cintura,calmo
2026-02-19 02:00:01,6,3,9,190,118,False,False,,True,6,teto,panico
2022-07-26 01:49:11,47,3,4,whatsapp,27,False,False,,True,2,cintura,panico
2023-09-07 12:20:26,38,3,8,190,57,False,False,,True,5,teto,panico
2024-11-22 23:26:34,36,1,4,whatsapp,94,False,False,,True,2,cintura,panico
2026-03-09 05:30:36,45,2,5,instagram,103,False,False,,True,0,cintura,calmo
2023-04-20 15:04:17,37,3,6,whatsapp,74,True,False,,False,4,cintura,nervoso
2023-09-03 17:25:46,49,2,6,190,20,False,False,,True,3,teto,nervoso
2022-12-24 09:54:02,48,3,6,instagram,84,False,False,,True,3,cintura,calmo
2022-03-08 06:48:26,47,4,4,instagram,1,False,False,,True,2,cintura,panico
2020-11-20 17:56:09,31,2,7,190,51,False,False,,True,0,tornozelo,nervoso
2020-08-04 13:39:19,34,2,8,190,94,False,False,,True,0,teto,panico
2025-05-23 18:10:05,34,1,5,instagram,75,False,False,,True,3,teto,nervoso
2024-04-23 10:29:47,17,4,8,whatsapp,89,False,True,,True,4,cintura,nervoso
2025-07-29 05:42:58,35,1,1,190,113,False,False,,True,1,cintura,calmo
2020-02-08 11:26:15,31,3,9,instagram,31,False,False,,True,2,tornozelo,calmo
2025-09-27 22:35:44,2,1,8,190,4,False,False,,True,3,teto,calmo
2021-10-24 23:56:03,43,4,3,190,66,False,False,,True,0,cintura,panico
2024-09-17 17:56:08,1,0,3,instagram,90,False,False,,True,3,teto,nervoso
2024-06-27 23:11:31,3,1,2,whatsapp,75,False,False,,True,1,tornozelo,calmo
2022-11-12 01:34:54,18,2,4,190,8,False,False,,True,0,cintura,calmo
2025-06-07 13:03:39,36,2,6,190,82,False,False,,True,2,tornozelo,calmo
2021-03-18 19:54:15,43,1,2,whatsapp,40,False,True,,True,3,teto,calmo
2021-07-26 06:20:35,29,3,6,190,97,False,False,,True,3,tornozelo,nervoso
2023-03-09 18:23:15,43,3,3,whatsapp,36,False,False,,True,1,cintura,calmo
2021-03-09 18:15:55,19,1,3,instagram,117,True,False,,True,2,cintura,nervoso
2024-08-23 06:48:36,11,4,9,whatsapp,73,False,False,,True,3,tornozelo,nervoso
2026-03-20 03:02:06,4,2,8,whatsapp,35,True,False,,False,2,cintura,calmo
2025-09-04 22:37:49,21,1,6,190,19,False,True,,True,4,teto,nervoso
2025-10-18 10:45:17,2,1,7,instagram,14,False,False,,True,1,cintura,nervoso
2020-08-12 02:18:55,30,2,2,190,75,False,False,,True,4,teto,panico
2022-06-12 23:00:12,15,1,7,instagram,96,False,False,,False,4,teto,calmo
2021-01-18 11:33:53,1,3,5,whatsapp,88,False,False,,True,5,teto,panico
2021-12-09 22:59:01,2,0,9,whatsapp,56,False,False,,True,1,tornozelo,calmo
2024-08-15 12:48:06,26,1,5,190,25,False,False,,True,0,cintura,panico
2023-01-07 18:37:01,32,0,3,instagram,21,False,False,,True,1,tornozelo,panico
2025-03-05 00:47:13,36,3,6,instagram,39,False,False,,True,3,cintura,panico
2022-04-10 04:01:16,35,3,8,whatsapp,3,True,False,,True,5,teto,nervoso
2023-03-31 18:34:04,40,2,5,whatsapp,99,False,False,,True,0,teto,nervoso
2025-03-23 11:31:26,26,2,5,whatsapp,108,True,False,,True,4,teto,nervoso
2020-03-25 13:40:26,37,2,9,instagram,77,False,False,,True,4,teto,nervoso
2025-03-12 08:32:27,32,4,9,whatsapp,114,False,False,,True,3,tornozelo,nervoso
2024-08-05 11:44:57,28,4,6,whatsapp,37,False,False,,True,4,teto,nervoso
2024-10-21 17:45:08,16,5,7,instagram,16,True,False,,True,3,tornozelo,calmo
2024-07-02 11:28:57,43,2,6,whatsapp,11,False,False,,True,4,teto,panico
2024-03-23 00:09:55,47,2,7,190,83,False,False,,True,5,teto,panico
2023-03-09 17:47:45,37,3,7,whatsapp,33,False,False,,False,4,teto,nervoso
2023-07-01 06:10:58,20,1,8,190,40,False,False,,True,2,cintura,panico
2020-11-10 14:15:09,8,1,3,190,118,True,False,,True,4,teto,calmo
2021-12-19 07:40:54,25,1,3,190,13,False,False,,True,3,teto,panico
2022-08-18 17:50:05,29,1,4,190,87,False,False,,True,1,cintura,calmo
2020-10-05 18:51:39,38,4,3,instagram,36,False,False,,True,1,tornozelo,nervoso
2023-11-14 21:59:02,3,1,9,whatsapp,84,False,False,,True,2,cintura,nervoso
2025-10-01 20:51:38,31,1,1,instagram,32,False,False,,True,1,tornozelo,panico
2021-09-06 09:47:47,22,2,6,whatsapp,67,False,False,,False,2,cintura,nervoso
2025-09-06 18:05:27,28,1,2,instagram,108,False,False,,True,1,tornozelo,calmo
2023-05-28 00:10:17,49,4,1,instagram,17,False,True,,False,0,cintura,panico
2025-04-07 21:33:13,16,4,4,instagram,60,True,False,,True,4,teto,calmo
2021-06-11 02:14:31,42,3,1,190,114,False,False,,True,3,cintura,panico
2021-06-15 15:45:05,10,3,9,190,70,False,False,,True,5,teto,nervoso
2022-04-26 17:59:29,9,1,9,190,32,False,False,,True,2,tornozelo,panico
2023-10-08 23:42:02,32,5,6,190,107,False,False,,True,3,cintura,nervoso
2024-11-05 15:34:01,44,3,2,instagram,112,True,False,,True,5,teto,calmo
2020-09-25 06:52:00,49,2,3,190,21,False,False,,True,0,tornozelo,nervoso
2021-03-09 10:46:04,43,1,4,whatsapp,17,False,True,,True,3,teto,nervoso
2020-09-13 08:34:47,38,2,7,instagram,74,False,False,,True,3,cintura,panico
2020-12-31 00:59:59,34,4,6,190,28,False,False,,True,0,teto,panico
2023-05-14 21:04:11,28,1,6,whatsapp,16,True,False,,True,2,tornozelo,nervoso
2020-12-22 11:10:19,48,4,6,instagram,20,True,False,,True,3,tornozelo,nervoso
2020-12-07 07:01:32,20,3,9,190,8,False,False,,True,2,tornozelo,nervoso
2021-05-27 22:35:10,29,5,5,190,117,False,False,,True,2,tornozelo,nervoso
2022-08-10 02:48:23,3,1,6,instagram,93,True,False,,True,3,cintura,calmo
2025-09-26 04:28:33,25,2,4,whatsapp,15,False,False,,True,2,teto,calmo
2023-07-26 10:40:06,42,1,7,190,4,True,False,,False,2,tornozelo,nervoso
2022-10-21 01:04:56,35,1,3,190,57,True,False,,True,1,tornozelo,calmo
2025-03-09 17:50:08,30,2,6,190,40,False,False,,True,3,teto,nervoso
2025-12-20 19:06:21,17,3,7,instagram,92,False,False,,True,3,cintura,calmo
2020-12-14 07:43:02,48,3,2,instagram,58,True,False,,True,3,cintura,panico
2024-07-25 05:53:19,37,4,8,190,79,False,False,,True,3,cintura,calmo
2023-04-29 21:58:55,25,4,9,190,71,False,False,,False,6,teto,panico
2023-12-12 08:45:45,15,3,1,whatsapp,85,True,False,,True,3,cintura,calmo
2025-07-29 00:54:43,37,4,6,whatsapp,13,True,False,,True,5,teto,calmo
2020-05-22 05:09:25,16,2,5,instagram,93,False,False,,True,4,teto,panico
2021-07-19 14:33:43,19,2,2,190,20,False,True,,False,2,cintura,panico
2024-11-05 11:54:30,13,1,5,whatsapp,106,True,False,,True,2,tornozelo,nervoso
2022-07-31 12:03:29,28,2,8,190,2,False,False,,True,1,cintura,nervoso
2024-03-19 01:15:20,35,3,6,190,62,False,True,,False,7,teto,panico
2021-09-09 10:08:00,2,1,7,instagram,0,False,False,,True,2,cintura,panico
2022-11-09 14:45:23,0,4,1,whatsapp,18,False,False,,True,4,teto,panico
2023-12-31 09:26:49,8,2,3,instagram,69,False,False,,True,0,cintura,panico
2022-12-11 21:15:53,46,1,5,190,110,False,False,,True,0,teto,nervoso
2023-09-09 14:47:14,31,2,9,whatsapp,42,False,False,,True,1,cintura,nervoso
2025-10-23 14:21:04,28,0,1,whatsapp,54,False,False,,True,0,teto,calmo
2023-06-21 23:08:39,3,3,9,instagram,67,False,False,,True,5,teto,calmo
2023-12-15 21:08:31,33,4,8,whatsapp,25,False,False,,False,4,teto,nervoso
2025-02-07 16:17:23,5,1,6,190,73,False,False,,True,4,teto,nervoso
2021-02-16 23:23:12,13,2,7,190,0,False,False,,True,1,cintura,calmo
2026-02-09 11:15:26,48,1,4,instagram,62,False,False,,True,1,tornozelo,calmo
2025-11-01 02:45:54,24,1,5,instagram,89,True,False,,True,2,tornozelo,calmo
2022-11-11 23:16:14,36,1,8,instagram,49,True,False,,True,2,cintura,nervoso
2021-04-06 18:53:12,18,1,3,whatsapp,10,False,False,,True,1,tornozelo,panico
2020-04-06 17:48:14,35,2,7,190,45,False,False,,True,1,cintura,nervoso
2020-06-28 06:35:14,20,2,4,whatsapp,12,False,False,,True,0,cintura,calmo
2024-08-12 20:54:19,5,3,1,instagram,55,False,False,,True,4,teto,panico
2025-10-16 15:27:48,0,3,3,190,86,True,False,,True,0,cintura,panico
2025-05-04 05:48:51,31,0,1,instagram,40,False,False,,True,0,cintura,calmo
2026-02-21 00:22:49,17,1,4,whatsapp,112,True,False,,True,3,tornozelo,panico
2024-06-22 23:27:57,25,1,3,whatsapp,102,True,False,,True,2,tornozelo,nervoso
2020-05-19 17:46:05,8,2,5,instagram,56,False,False,,True,2,teto,calmo
2026-02-13 21:22:29,48,1,7,instagram,88,False,False,,True,4,teto,calmo
2022-12-03 14:30:22,26,3,2,190,1,True,False,,True,3,cintura,panico
2022-08-29 10:38:24,13,2,7,whatsapp,101,False,False,,True,0,cintura,calmo
2021-10-09 09:55:38,24,3,7,190,94,True,False,,True,4,cintura,nervoso
2021-05-05 15:58:49,14,2,7,whatsapp,5,False,False,,True,1,tornozelo,nervoso
2020-08-02 12:54:52,31,4,5,instagram,79,False,False,,True,3,tornozelo,panico
2025-09-11 01:04:27,25,2,6,instagram,23,False,False,,True,1,cintura,nervoso
2020-10-24 18:58:42,34,2,2,190,8,False,False,,True,0,teto,calmo
2021-06-02 18:39:14,15,4,8,190,45,False,False,,True,4,teto,nervoso
2021-08-29 07:17:56,6,3,5,whatsapp,58,False,False,,False,4,teto,panico
2025-02-05 02:59:21,19,2,8,whatsapp,104,False,False,,False,2,cintura,nervoso
2026-02-17 14:50:33,38,1,3,instagram,7,True,False,,True,2,cintura,panico
2021-02-11 05:42:16,26,4,1,190,92,False,False,,True,3,cintura,panico
2021-09-02 12:11:56,23,0,8,instagram,110,False,False,,True,2,tornozelo,calmo
2023-09-03 01:04:25,42,3,1,whatsapp,70,False,False,,True,2,tornozelo,nervoso
2020-09-04 15:38:37,11,3,3,190,74,True,False,,False,4,tornozelo,panico
2023-08-30 18:48:19,10,0,5,190,86,False,False,,True,0,cintura,nervoso
2023-07-13 21:43:52,18,1,9,190,92,False,False,,True,3,tornozelo,panico
2025-03-10 23:53:39,47,1,8,whatsapp,13,False,False,,True,2,tornozelo,panico
2023-12-03 12:14:43,7,4,4,whatsapp,79,False,False,,True,4,teto,nervoso
2020-12-03 03:14:44,31,2,8,190,104,True,False,,True,3,cintura,nervoso
2025-02-04 20:22:39,23,4,9,190,100,False,False,,True,0,tornozelo,calmo
2023-05-11 16:59:54,40,3,7,whatsapp,40,True,False,,True,6,teto,panico
2023-02-13 05:00:00,46,3,5,instagram,62,False,False,,False,2,tornozelo,nervoso
2024-06-06 12:13:57,42,2,9,whatsapp,76,False,False,,True,0,teto,nervoso
2024-03-23 02:38:46,18,2,4,190,101,False,False,,True,0,teto,calmo
2021-02-08 00:25:03,28,3,8,instagram,82,False,False,,True,5,teto,nervoso
2023-10-14 04:56:27,44,3,4,instagram,113,False,False,,True,0,cintura,nervoso
2024-01-03 08:36:25,13,2,1,instagram,3,True,True,,True,2,tornozelo,nervoso
2022-01-15 04:26:18,17,0,2,instagram,99,True,False,,False,0,cintura,nervoso
2025-07-07 16:30:44,27,2,9,whatsapp,76,True,False,,True,3,cintura,calmo
2020-03-21 23:19:07,1,3,9,whatsapp,36,True,False,,True,3,cintura,nervoso
2023-11-16 13:43:18,37,1,7,instagram,22,False,False,,False,1,cintura,calmo
2022-05-24 21:49:52,6,3,6,190,51,False,False,,True,4,teto,calmo
2026-02-16 07:22:59,8,1,9,whatsapp,15,False,True,,True,0,cintura,calmo
2022-07-02 18:19:17,38,0,8,whatsapp,49,False,False,,True,1,tornozelo,nervoso
2026-01-26 03:29:54,38,4,8,whatsapp,101,False,False,,True,3,tornozelo,nervoso
2022-06-29 11:26:19,11,2,7,instagram,36,False,False,,False,1,cintura,nervoso
2022-06-06 05:12:05,2,4,3,instagram,77,True,False,,True,0,cintura,nervoso
2022-03-29 14:42:14,4,2,7,190,2,False,False,,True,0,tornozelo,calmo
2024-08-10 15:29:53,14,2,2,instagram,80,False,False,,False,1,cintura,nervoso
2021-03-07 10:04:02,4,3,4,190,17,False,False,,True,2,cintura,panico
2024-01-18 13:06:37,18,2,9,190,101,False,False,,True,5,teto,panico
2022-11-15 16:35:24,20,1,1,instagram,60,False,False,,True,0,cintura,calmo
2021-04-24 19:50:17,36,2,7,190,6,False,False,,True,2,cintura,panico
2024-12-09 20:40:41,41,0,4,whatsapp,29,True,False,,True,2,cintura,panico
2021-07-17 04:37:54,13,2,1,190,27,False,False,,True,0,cintura,nervoso
2024-10-20 18:15:44,13,3,6,instagram,80,True,False,,False,4,tornozelo,calmo
2023-07-06 22:21:31,17,2,5,instagram,39,False,False,,True,1,cintura,panico
2025-04-09 21:43:25,40,3,6,whatsapp,43,False,False,,True,5,teto,panico
2024-11-17 05:45:28,40,2,9,instagram,103,False,False,,True,0,teto,calmo
2020-01-31 12:28:16,5,2,3,whatsapp,36,False,True,,True,0,teto,calmo
2025-09-17 02:24:36,47,2,2,instagram,104,False,False,,False,1,tornozelo,nervoso
2020-05-05 12:35:58,12,2,5,whatsapp,118,False,True,,True,0,teto,nervoso
2022-11-13 02:11:46,44,3,3,190,4,False,False,,True,4,teto,panico
2022-05-31 04:13:06,35,2,1,instagram,114,False,False,,True,1,tornozelo,calmo
2020-12-09 11:23:09,0,3,7,whatsapp,25,False,True,,True,3,cintura,calmo
2026-01-27 20:20:55,12,4,4,instagram,94,False,False,,True,2,cintura,calmo
2023-02-20 20:12:19,37,3,4,190,76,True,False,,True,3,cintura,nervoso
2025-04-03 22:31:40,9,4,3,instagram,117,False,False,,True,2,tornozelo,nervoso
2025-10-08 00:06:43,35,1,4,190,104,False,False,,True,2,cintura,panico
2021-07-12 16:01:00,2,0,2,190,93,True,False,,True,5,teto,panico
2025-09-01 21:56:54,40,2,6,whatsapp,38,False,False,,True,3,teto,calmo
2022-09-09 10:30:41,21,3,5,190,81,True,False,,True,3,tornozelo,calmo
2022-01-07 12:01:32,15,4,3,instagram,28,False,False,,True,1,tornozelo,nervoso
2022-06-07 00:35:57,29,2,7,190,39,False,False,,True,2,cintura,panico
2020-05-10 20:52:46,1,3,1,whatsapp,62,False,False,,True,2,tornozelo,calmo
2023-04-12 03:46:46,7,1,4,whatsapp,38,True,False,,True,2,cintura,panico
2022-01-07 19:12:04,25,2,1,190,4,False,False,,True,0,tornozelo,calmo
2020-08-08 19:57:53,5,3,6,190,8,False,False,,True,4,teto,calmo
2023-04-18 18:52:25,44,2,8,190,75,False,False,,True,2,tornozelo,nervoso
2023-06-28 11:58:01,4,2,4,whatsapp,10,False,False,,True,1,tornozelo,panico
2023-06-06 13:37:17,5,1,4,whatsapp,117,False,True,,True,2,tornozelo,calmo
2022-07-06 22:01:50,40,4,3,whatsapp,60,True,False,,True,2,tornozelo,calmo
2020-11-07 15:51:27,36,3,2,190,35,False,False,,True,1,tornozelo,nervoso
2022-05-19 17:20:06,23,2,3,instagram,17,False,False,,True,1,tornozelo,panico
2022-02-27 11:46:18,13,1,5,190,25,False,False,,True,0,tornozelo,calmo
2022-07-20 18:11:09,17,4,2,190,6,False,True,,True,5,teto,panico
2021-12-13 02:48:29,4,3,5,whatsapp,38,False,True,,True,2,cintura,calmo
2021-11-15 11:46:04,11,0,3,190,94,False,False,,True,1,tornozelo,calmo
2025-04-12 08:01:24,7,3,8,190,32,False,True,,True,4,tornozelo,panico
2023-02-19 19:54:52,48,3,1,whatsapp,80,False,False,,True,5,teto,panico
2024-09-15 21:27:53,2,4,7,whatsapp,9,False,False,,True,3,cintura,panico
2023-09-22 15:44:44,45,0,3,instagram,50,False,False,,True,0,tornozelo,nervoso
2020-03-12 12:06:58,4,3,9,instagram,115,False,False,,True,5,teto,calmo
2020-06-04 01:56:32,16,2,9,190,68,False,False,,True,2,cintura,nervoso
2025-04-18 20:37:44,34,3,8,190,97,False,False,,False,5,teto,calmo
2025-07-02 00:56:42,1,1,7,whatsapp,71,False,False,,True,3,cintura,panico
2025-11-18 18:26:23,41,2,6,instagram,115,False,False,,True,2,tornozelo,calmo
2025-07-05 14:34:29,17,1,1,190,103,False,False,,True,1,cintura,calmo
2023-05-13 14:51:44,22,2,6,whatsapp,16,False,False,,True,1,tornozelo,calmo
2024-11-25 04:44:15,31,4,5,whatsapp,90,True,False,,True,4,tornozelo,panico
2024-08-26 17:56:38,43,3,7,instagram,16,False,False,,True,2,cintura,calmo
2021-07-17 01:52:16,3,2,9,instagram,25,False,False,,True,1,cintura,nervoso
2023-07-12 03:57:25,17,1,6,190,114,True,False,,True,5,teto,nervoso
2021-12-19 08:54:39,18,3,3,instagram,39,False,False,,True,4,teto,panico
2025-07-05 15:35:42,32,3,3,instagram,32,False,False,,True,2,cintura,panico
2026-04-15 10:00:40,1,3,9,190,23,False,True,,True,4,cintura,panico
2021-04-16 00:23:55,17,3,1,instagram,116,False,False,,True,2,cintura,nervoso
2023-02-11 02:14:29,29,4,8,whatsapp,3,False,False,,True,2,tornozelo,calmo
2023-04-13 01:55:50,44,4,8,190,3,False,False,,True,2,cintura,calmo
2025-02-09 16:17:48,10,3,4,instagram,109,False,False,,True,2,tornozelo,calmo
2023-06-22 22:04:41,38,3,8,whatsapp,59,True,False,,True,6,teto,panico
2021-02-12 01:04:33,30,3,8,whatsapp,117,False,False,,True,5,teto,calmo
2020-06-07 12:05:26,35,3,1,190,94,False,False,,True,2,tornozelo,nervoso
2024-09-17 08:25:45,34,2,4,whatsapp,79,False,False,,True,3,teto,calmo
2026-03-02 20:36:58,5,3,8,190,56,False,False,,True,4,teto,calmo
2025-08-31 06:02:58,27,2,7,whatsapp,61,False,False,,True,2,cintura,nervoso
2024-11-26 15:34:53,27,2,9,whatsapp,93,False,False,,True,5,teto,panico
2024-07-29 00:45:58,38,2,7,whatsapp,99,False,False,,True,3,tornozelo,panico
2025-10-09 23:56:29,39,2,9,instagram,116,False,False,,True,3,cintura,panico
2025-01-21 23:53:12,26,2,7,whatsapp,104,False,False,,True,2,cintura,nervoso
2020-11-18 14:52:47,25,3,3,whatsapp,85,False,True,,True,5,teto,calmo
2024-08-15 16:04:49,23,0,2,instagram,70,False,False,,False,2,cintura,panico
2025-02-27 18:16:42,41,2,9,instagram,86,False,True,,True,6,teto,panico
2024-10-21 20:54:45,28,4,6,190,94,True,False,,True,5,cintura,panico
2025-06-24 19:26:35,31,2,9,whatsapp,60,False,False,,True,1,cintura,calmo
2025-05-30 17:31:06,37,3,7,190,63,False,False,,True,6,teto,panico
2023-02-20 07:04:59,15,3,7,instagram,11,False,False,,True,2,tornozelo,calmo
2024-04-24 20:09:40,26,1,5,whatsapp,87,False,False,,True,2,cintura,panico
2025-10-27 05:01:16,27,0,3,instagram,78,False,False,,True,1,tornozelo,nervoso
2025-02-15 10:52:26,27,4,5,instagram,103,False,False,,True,3,cintura,panico
2020-11-29 09:53:54,32,2,9,whatsapp,55,False,False,,True,0,teto,calmo
2021-02-19 21:28:10,1,4,4,190,113,False,False,,True,2,cintura,nervoso
2022-03-04 19:31:15,40,3,1,instagram,78,False,True,,True,4,cintura,panico
2022-12-07 01:58:01,9,4,7,whatsapp,92,False,False,,True,3,tornozelo,calmo
2023-04-09 14:08:24,38,4,4,whatsapp,118,False,False,,True,4,teto,calmo
2023-02-09 12:25:06,11,2,3,190,32,False,False,,True,1,tornozelo,panico
2023-10-06 22:56:07,21,2,5,instagram,79,False,False,,True,4,teto,panico
2022-01-24 03:58:49,35,2,8,whatsapp,81,False,False,,True,0,cintura,nervoso
2020-05-08 04:09:45,3,2,7,whatsapp,16,False,False,,True,1,tornozelo,nervoso
2023-04-25 19:19:48,17,2,7,whatsapp,18,True,False,,True,3,cintura,panico
2020-10-09 21:52:59,29,3,5,190,106,False,False,,True,3,tornozelo,panico
2024-11-29 23:48:20,38,2,7,instagram,69,False,False,,True,3,tornozelo,panico
2020-08-26 08:30:16,0,3,5,190,81,False,False,,True,4,teto,nervoso
2022-12-09 04:07:25,39,4,4,whatsapp,15,True,False,,True,4,teto,nervoso
2021-09-01 13:31:02,20,1,3,190,50,False,False,,True,0,tornozelo,calmo
2025-06-19 11:42:57,47,3,6,190,35,False,False,,True,4,teto,calmo
2020-02-17 10:14:52,38,3,1,190,34,False,False,,False,0,teto,panico
2021-12-01 07:42:03,33,3,4,whatsapp,10,False,False,,True,3,teto,nervoso
2023-04-24 22:11:27,0,0,1,instagram,88,False,False,,True,3,teto,nervoso
2024-03-15 20:04:08,49,2,3,whatsapp,111,False,False,,True,1,tornozelo,nervoso
2023-08-20 19:02:20,28,4,3,190,81,False,False,,True,5,teto,panico
2022-12-09 08:16:15,48,3,2,190,113,False,True,,True,3,tornozelo,nervoso
2020-04-12 11:57:37,6,2,6,whatsapp,83,True,False,,True,3,cintura,calmo
2025-06-28 00:37:04,33,4,9,whatsapp,16,False,False,,False,2,cintura,nervoso
2022-07-03 16:21:07,35,2,1,instagram,10,True,False,,True,1,cintura,calmo
2021-04-28 21:59:48,25,3,9,whatsapp,87,False,False,,True,3,tornozelo,calmo
2024-10-07 02:51:33,22,1,2,190,13,False,False,,True,0,cintura,calmo
2022-10-18 01:55:50,37,3,4,whatsapp,35,True,False,,True,0,cintura,nervoso
2023-02-28 19:03:39,36,1,2,whatsapp,96,False,False,,True,2,tornozelo,panico
2020-11-22 00:50:08,12,2,7,whatsapp,50,False,False,,True,3,teto,nervoso
2022-01-25 16:58:39,5,4,4,instagram,119,True,False,,True,3,tornozelo,calmo
2023-10-23 01:22:27,23,2,6,instagram,95,False,False,,True,5,teto,panico
2023-02-26 22:12:50,34,3,9,instagram,56,False,False,,True,0,cintura,panico
2021-03-26 00:33:02,21,1,7,instagram,26,True,False,,True,5,teto,panico
2023-03-29 16:02:23,3,2,5,190,41,False,False,,True,0,tornozelo,panico
2025-01-22 04:34:03,34,2,1,instagram,26,False,False,,True,2,teto,nervoso
2021-10-06 04:36:16,11,3,9,instagram,116,False,False,,True,3,tornozelo,nervoso
2020-12-21 12:10:50,2,2,7,190,90,False,False,,True,3,tornozelo,panico
2024-07-02 19:30:11,29,4,2,whatsapp,67,False,False,,True,3,cintura,panico
2023-02-22 00:08:19,0,0,3,190,10,False,False,,True,0,tornozelo,nervoso
2021-01-13 16:51:15,5,1,1,whatsapp,103,False,False,,True,1,cintura,nervoso
2022-04-22 05:46:11,21,3,9,190,22,False,False,,True,2,tornozelo,nervoso
2025-06-30 19:54:42,2,2,2,190,113,False,False,,True,2,tornozelo,panico
2022-08-27 12:05:26,26,3,7,instagram,80,False,False,,True,3,tornozelo,nervoso
2024-02-18 22:24:12,18,3,9,whatsapp,55,False,False,,True,4,teto,calmo
2022-05-06 04:38:40,34,3,7,whatsapp,42,False,True,,True,4,tornozelo,panico
2021-03-02 22:41:38,27,3,7,instagram,49,False,False,,True,2,cintura,calmo
2024-05-19 20:19:04,18,3,3,190,34,False,False,,True,1,cintura,nervoso
2023-11-15 09:19:21,26,4,4,190,70,False,False,,False,3,cintura,panico
2025-08-21 19:07:26,21,3,8,instagram,33,False,False,,True,3,cintura,panico
2025-02-25 23:53:05,9,2,2,whatsapp,53,False,False,,True,0,cintura,calmo
2023-09-08 20:39:08,40,2,5,instagram,27,False,False,,True,2,teto,calmo
2024-12-12 09:11:51,28,1,3,instagram,107,False,False,,True,0,teto,nervoso
2025-07-23 01:48:10,37,3,9,instagram,103,False,False,,True,3,cintura,calmo
2022-05-24 06:52:29,47,3,6,whatsapp,97,True,True,,True,7,teto,nervoso
2021-09-03 19:36:02,34,2,1,190,12,False,False,,True,0,cintura,nervoso
2024-07-10 17:13:29,40,3,6,190,9,False,False,,True,4,teto,nervoso
2023-08-29 23:52:47,49,3,3,whatsapp,59,False,False,,True,0,cintura,nervoso
2020-09-07 03:20:44,21,3,7,whatsapp,45,True,False,,True,3,cintura,calmo
2021-05-13 05:08:50,20,3,5,whatsapp,4,False,False,,True,2,tornozelo,panico
2020-03-04 07:16:53,14,1,5,190,5,False,False,,True,1,cintura,panico
2024-04-02 18:25:29,25,2,3,instagram,17,False,False,,True,0,teto,calmo
2020-05-11 05:45:36,37,3,8,190,95,False,False,,True,3,tornozelo,calmo
2024-03-16 20:51:40,43,2,6,instagram,87,True,False,,False,6,teto,panico
2026-03-04 11:46:42,1,3,2,instagram,104,True,False,,True,3,cintura,nervoso
2022-09-07 10:43:31,43,3,1,whatsapp,8,False,False,,True,2,cintura,panico
2024-09-30 21:11:13,35,5,1,instagram,85,False,False,,True,2,cintura,calmo
2023-09-13 12:57:36,48,1,2,190,60,False,False,,True,0,cintura,nervoso
2020-01-22 16:28:47,35,1,5,190,89,False,False,,True,4,teto,panico
2026-02-12 16:31:26,2,2,6,190,91,False,False,,True,3,tornozelo,panico
2020-03-18 04:08:27,8,2,6,190,57,False,False,,True,2,cintura,panico
2021-01-20 00:43:22,8,3,9,190,55,False,False,,True,3,cintura,panico
2024-02-28 20:19:14,25,2,1,190,60,False,False,,True,1,cintura,panico
2020-01-08 00:15:50,17,0,2,190,47,False,True,,True,3,teto,calmo
2023-03-21 19:33:40,4,3,6,instagram,0,True,False,,False,3,cintura,nervoso
2021-01-24 13:31:07,1,4,7,instagram,113,False,False,,True,3,tornozelo,calmo
2025-01-05 14:37:01,33,3,3,190,70,False,False,,True,2,cintura,calmo
2020-02-03 00:22:59,46,4,8,whatsapp,15,True,False,,True,4,cintura,panico
2023-10-05 19:19:40,3,3,1,instagram,68,False,False,,True,0,tornozelo,calmo
2024-05-20 23:12:26,29,4,1,instagram,33,False,False,,True,1,cintura,nervoso
2025-02-10 07:28:31,8,1,8,190,36,False,False,,True,3,teto,nervoso
2020-10-31 17:43:16,0,3,6,instagram,80,False,False,,True,4,tornozelo,panico
2023-06-19 09:33:36,7,2,8,whatsapp,0,False,False,,True,2,tornozelo,panico
2025-05-18 03:33:23,35,2,9,190,113,False,False,,True,2,cintura,nervoso
2025-12-13 04:43:45,18,3,7,whatsapp,10,True,False,,True,5,teto,calmo
2022-03-07 03:25:38,32,5,7,190,64,False,False,,True,4,tornozelo,panico
2025-11-27 11:58:38,2,3,6,whatsapp,71,True,False,,True,4,tornozelo,nervoso
2020-08-06 07:13:46,33,1,3,instagram,4,False,False,,True,2,teto,calmo
2021-08-01 09:13:51,45,2,4,whatsapp,43,False,False,,True,2,teto,calmo
2023-12-13 18:39:52,33,1,7,whatsapp,68,False,False,,True,2,cintura,calmo
2022-02-28 11:00:03,18,5,7,whatsapp,46,False,False,,True,2,tornozelo,nervoso
2023-07-25 02:36:32,2,3,2,instagram,44,False,True,,True,2,tornozelo,calmo
2025-11-16 07:32:13,14,5,9,190,26,False,False,,True,4,teto,nervoso
2023-07-04 21:37:08,5,4,9,instagram,17,False,False,,True,3,cintura,panico
2025-03-15 23:00:36,29,3,8,whatsapp,15,True,False,,True,4,tornozelo,panico
2020-08-10 10:15:30,24,1,9,190,47,True,True,,True,3,cintura,nervoso
2023-10-21 17:09:37,5,2,6,190,53,False,False,,True,1,tornozelo,calmo
2022-10-10 13:05:11,9,2,5,190,103,False,False,,True,2,tornozelo,panico
2024-09-08 16:29:42,47,2,1,instagram,67,False,False,,True,3,teto,nervoso
2026-04-12 10:08:58,41,3,7,whatsapp,14,False,False,,True,4,teto,calmo
2021-10-17 22:59:56,47,3,7,190,1,False,False,,False,2,cintura,nervoso
2022-08-05 10:11:58,12,0,6,instagram,90,False,False,,True,0,teto,nervoso
2022-06-09 04:45:24,17,2,8,instagram,20,False,False,,True,1,cintura,nervoso
2022-12-26 21:28:49,30,0,4,190,32,False,False,,True,0,tornozelo,calmo
2023-10-23 11:26:42,39,3,9,whatsapp,13,False,False,,True,4,teto,nervoso
2020-08-09 19:52:10,48,0,7,instagram,6,False,False,,True,1,cintura,nervoso
2025-06-15 04:48:34,49,3,7,whatsapp,112,False,False,,True,3,cintura,nervoso
2025-03-20 12:34:00,13,1,5,190,97,False,False,,False,2,tornozelo,panico
2023-01-12 13:14:01,49,2,1,190,28,False,False,,True,1,tornozelo,panico
2025-09-12 07:46:10,22,1,3,instagram,96,False,True,,True,2,tornozelo,nervoso
2020-05-04 14:31:53,19,3,6,whatsapp,92,True,False,,True,7,teto,panico
2023-03-09 11:11:02,39,0,1,190,16,False,False,,True,0,tornozelo,nervoso
2026-02-02 11:07:10,44,5,7,whatsapp,1,True,False,,True,3,tornozelo,nervoso
2024-08-07 20:49:50,5,3,6,whatsapp,88,True,False,,True,4,cintura,nervoso
2023-08-16 16:45:07,22,3,6,whatsapp,96,False,False,,True,4,cintura,panico
2025-02-02 20:26:16,48,1,2,instagram,49,False,False,,False,0,tornozelo,calmo
2024-08-30 17:57:27,22,3,6,190,20,True,False,,False,3,cintura,calmo
2023-02-06 09:25:45,17,2,5,190,45,False,False,,True,3,teto,panico
2021-09-18 10:20:25,5,2,1,190,110,False,False,,True,2,cintura,panico
2020-07-16 16:50:11,34,3,1,whatsapp,19,True,False,,True,4,teto,nervoso
2025-01-14 02:32:20,8,2,5,whatsapp,18,True,False,,True,4,teto,panico
2020-06-19 23:25:37,37,3,1,instagram,47,True,False,,True,3,cintura,panico
2021-11-19 00:14:49,13,1,5,instagram,72,False,False,,True,1,tornozelo,nervoso
2022-06-14 09:08:21,20,3,6,190,115,False,False,,True,3,tornozelo,calmo
2024-08-18 00:20:01,22,3,7,instagram,104,False,False,,False,4,tornozelo,panico
2022-12-14 04:55:46,4,2,1,instagram,30,False,False,,True,0,tornozelo,calmo
2025-09-19 10:18:06,27,3,8,190,73,False,False,,True,3,cintura,calmo
2024-12-08 10:29:50,47,3,8,whatsapp,25,False,False,,False,5,teto,panico
2021-10-23 21:20:07,16,2,9,instagram,65,True,False,,True,4,tornozelo,panico
2021-07-19 19:02:23,32,4,8,190,21,False,True,,True,6,teto,panico
2024-03-28 00:09:04,37,3,2,instagram,49,False,False,,True,3,teto,calmo
2024-05-18 01:09:38,9,4,2,190,41,True,False,,True,0,tornozelo,calmo
2024-11-20 04:20:27,12,2,9,190,52,True,False,,True,2,cintura,calmo
2022-07-07 04:49:07,9,2,7,whatsapp,62,False,False,,False,2,tornozelo,calmo
2021-07-21 00:57:07,11,3,5,whatsapp,20,False,False,,True,1,cintura,nervoso
2024-10-30 23:59:28,24,3,9,instagram,115,False,False,,True,3,cintura,nervoso
2020-08-22 03:21:31,46,2,8,190,99,False,False,,True,0,cintura,calmo
2021-01-24 02:09:56,48,1,8,instagram,109,False,False,,True,2,cintura,calmo
2021-10-28 11:41:40,1,2,9,190,31,True,False,,False,2,tornozelo,calmo
2023-03-20 11:08:03,45,3,1,instagram,22,False,False,,True,2,cintura,panico
2022-10-21 21:59:10,36,2,4,190,10,False,False,,True,2,teto,nervoso
2024-11-01 21:30:44,4,3,4,whatsapp,17,True,False,,True,4,teto,nervoso
2026-03-22 02:52:27,28,2,6,190,93,False,True,,False,5,teto,nervoso
2022-12-05 01:08:44,26,2,4,whatsapp,16,False,False,,True,2,teto,calmo
2022-06-17 00:13:49,11,3,7,instagram,105,False,False,,True,0,cintura,calmo
2020-03-12 09:31:14,29,3,4,whatsapp,94,False,True,,True,4,tornozelo,panico
2021-05-06 09:51:37,39,4,2,190,32,False,False,,True,3,teto,nervoso
2024-10-31 03:44:44,6,4,1,instagram,38,False,False,,True,1,cintura,nervoso
2020-05-14 01:20:37,48,3,4,whatsapp,3,False,False,,False,4,teto,panico
2022-02-05 18:59:00,10,2,2,instagram,16,False,False,,True,3,teto,panico
2020-11-08 14:01:30,41,2,5,whatsapp,79,False,False,,False,1,tornozelo,nervoso
2025-12-18 13:46:13,41,2,7,whatsapp,4,False,False,,True,1,tornozelo,calmo
2024-05-20 20:53:54,39,2,4,instagram,112,False,False,,True,1,cintura,calmo
2021-12-02 20:43:47,40,2,3,whatsapp,104,True,False,,True,2,tornozelo,nervoso
2022-04-04 21:27:56,23,4,6,whatsapp,69,True,False,,True,4,cintura,nervoso
2026-01-25 21:41:26,42,3,2,whatsapp,103,True,False,,True,4,tornozelo,panico
2024-03-27 13:19:53,22,3,6,whatsapp,4,False,False,,True,2,cintura,nervoso
2022-05-15 19:57:30,19,3,1,instagram,29,False,False,,True,1,cintura,calmo
2020-12-20 13:06:18,16,1,4,190,92,False,True,,True,0,teto,calmo
2021-10-25 16:30:14,7,2,1,190,100,False,True,,True,4,teto,nervoso
2022-01-28 11:24:37,41,0,3,190,40,False,False,,True,0,cintura,nervoso
2026-03-04 09:15:30,4,1,3,instagram,66,True,False,,True,4,teto,nervoso
2020-07-20 12:13:45,12,1,8,190,114,False,False,,True,2,tornozelo,calmo
2021-08-14 13:03:05,9,3,4,instagram,60,False,False,,True,2,tornozelo,panico
2023-03-24 06:17:57,21,2,6,190,117,False,False,,True,3,cintura,panico
2022-07-29 09:30:13,47,2,3,instagram,51,False,False,,True,1,tornozelo,panico
2021-07-28 07:35:52,28,2,4,190,66,False,False,,True,1,cintura,calmo
2025-05-22 00:35:16,7,3,1,whatsapp,44,False,False,,True,4,teto,panico
2022-05-10 07:12:32,32,2,5,instagram,51,False,False,,True,2,teto,calmo
2026-02-14 17:26:08,6,3,9,190,9,False,False,,True,4,teto,calmo
2020-07-31 00:13:07,38,1,1,instagram,103,True,False,,True,3,tornozelo,panico
2021-08-05 12:22:20,39,3,6,190,39,False,False,,True,3,tornozelo,panico
2024-11-18 12:26:42,48,3,3,190,18,False,False,,True,1,cintura,nervoso
2022-06-04 20:56:46,1,2,3,instagram,101,False,False,,True,0,cintura,calmo
2025-04-19 22:38:31,14,2,4,190,93,False,False,,True,1,tornozelo,calmo
2022-10-26 01:39:11,32,2,9,instagram,55,False,False,,True,1,tornozelo,calmo
2021-10-26 08:29:13,1,3,1,whatsapp,58,False,False,,True,1,cintura,calmo
2024-02-03 15:21:33,8,3,2,whatsapp,5,False,False,,True,4,teto,panico
2024-02-11 05:21:55,2,2,2,whatsapp,56,False,False,,False,0,tornozelo,nervoso
2024-11-27 08:20:39,5,4,1,instagram,116,False,False,,True,2,cintura,nervoso
2024-05-09 19:29:52,1,2,9,whatsapp,115,False,False,,True,4,teto,nervoso
2022-02-23 23:49:44,29,3,5,190,97,False,False,,True,2,cintura,calmo
2022-03-08 09:09:27,48,3,6,190,83,False,False,,True,0,teto,nervoso
2024-02-22 22:47:32,25,4,9,instagram,1,False,False,,True,2,cintura,nervoso
2020-12-17 22:03:31,21,4,4,whatsapp,41,False,False,,True,2,cintura,panico
2022-09-02 02:45:05,36,2,2,whatsapp,44,False,False,,True,0,cintura,calmo
2020-11-15 03:06:20,7,4,4,whatsapp,85,False,False,,True,5,teto,panico
2026-02-22 10:45:16,19,3,1,whatsapp,116,False,False,,True,4,teto,nervoso
2020-10-08 08:36:54,1,1,8,instagram,104,False,False,,True,0,teto,nervoso
2024-10-17 11:31:13,19,3,5,190,102,False,False,,True,5,teto,panico
2025-11-11 08:20:00,10,2,1,whatsapp,5,False,False,,True,0,tornozelo,calmo
2023-02-11 14:08:26,14,1,4,190,55,False,False,,True,1,cintura,panico
2023-09-05 20:19:09,49,4,1,whatsapp,70,False,False,,True,2,cintura,calmo
2022-07-04 22:39:27,3,3,9,190,90,False,False,,False,4,tornozelo,panico
2024-08-15 02:24:46,16,2,1,190,77,False,False,,True,0,tornozelo,panico
2024-01-01 23:01:26,16,2,2,instagram,46,False,False,,True,0,tornozelo,nervoso
2023-09-11 19:24:41,15,3,3,instagram,14,False,False,,True,1,cintura,calmo
2020-11-03 18:28:33,16,1,1,190,97,True,False,,True,5,teto,panico
2024-11-21 21:37:06,49,2,8,instagram,18,False,False,,True,1,cintura,nervoso
2024-02-02 15:01:46,4,3,8,190,60,False,True,,True,5,teto,nervoso
2024-08-20 21:22:13,45,2,2,whatsapp,54,False,False,,True,0,teto,nervoso
2021-08-15 23:07:04,5,3,8,instagram,31,True,False,,True,3,tornozelo,calmo
2024-08-04 16:16:22,28,2,9,instagram,29,False,False,,False,1,tornozelo,nervoso
2022-03-08 17:51:24,1,4,3,190,51,False,False,,True,1,cintura,nervoso
2023-01-25 10:05:11,27,2,7,instagram,23,True,False,,True,5,teto,panico
2023-02-02 11:36:37,29,3,6,190,45,False,False,,True,3,tornozelo,panico
2026-02-11 09:09:12,37,5,4,whatsapp,64,False,False,,False,3,tornozelo,panico
2022-08-14 17:39:04,41,2,6,whatsapp,60,False,False,,True,1,tornozelo,nervoso
2025-06-07 11:48:11,26,2,8,whatsapp,99,False,False,,True,2,cintura,nervoso
2021-12-23 12:13:16,15,2,1,instagram,57,False,False,,True,0,cintura,nervoso
2025-11-16 20:43:55,37,3,3,instagram,47,True,False,,True,3,cintura,panico
2020-07-25 23:27:47,16,1,3,whatsapp,12,True,False,,False,1,tornozelo,calmo
2023-11-14 03:46:35,15,3,5,190,25,True,False,,True,4,teto,nervoso
2023-05-12 11:49:32,33,4,1,whatsapp,102,False,False,,True,2,tornozelo,nervoso
2020-04-01 11:32:41,48,5,4,whatsapp,70,False,False,,True,4,teto,calmo
2021-08-30 17:30:05,49,3,3,whatsapp,90,True,False,,True,3,cintura,calmo
2022-09-28 00:31:23,39,3,5,instagram,44,False,False,,False,1,tornozelo,calmo
2025-11-17 06:43:39,21,5,3,instagram,48,False,True,,True,3,tornozelo,panico
2025-08-02 00:50:56,31,1,4,whatsapp,46,True,False,,True,0,cintura,nervoso
2022-06-28 00:21:35,16,3,7,whatsapp,24,True,False,,True,4,cintura,panico
2025-07-14 14:00:21,41,3,5,whatsapp,84,False,False,,True,5,teto,panico
2025-01-06 16:22:35,37,2,4,190,25,False,False,,True,0,tornozelo,nervoso
2020-11-25 12:39:57,43,2,2,190,102,True,False,,True,2,tornozelo,calmo
2020-09-02 12:55:26,7,4,1,whatsapp,41,False,False,,True,1,cintura,nervoso
2025-11-07 15:32:09,27,1,4,whatsapp,9,False,True,,True,1,cintura,calmo
2022-08-14 18:57:13,37,2,6,190,45,False,False,,True,1,cintura,nervoso
2025-12-03 02:13:29,20,2,8,whatsapp,88,False,False,,True,4,teto,nervoso
2024-03-10 12:21:11,29,2,7,instagram,25,False,False,,True,1,cintura,calmo
2024-08-26 04:54:03,18,3,7,instagram,100,False,False,,True,4,tornozelo,panico
2024-06-15 12:53:36,5,3,9,190,69,False,False,,True,4,tornozelo,panico
2022-11-24 15:51:42,2,4,9,190,119,True,False,,True,4,tornozelo,calmo
2020-03-25 18:53:16,24,2,9,190,30,False,False,,True,3,teto,calmo
2021-05-25 06:48:52,24,3,2,whatsapp,101,False,False,,True,2,tornozelo,calmo
2021-07-13 10:37:20,33,3,5,190,34,False,False,,True,4,teto,panico
2023-12-31 18:23:02,19,2,6,instagram,4,False,False,,True,3,teto,nervoso
2022-11-10 08:56:40,46,3,7,190,21,False,False,,True,2,cintura,nervoso
2025-09-09 11:40:47,37,2,4,190,51,False,False,,True,1,tornozelo,panico
2024-05-20 11:02:49,2,3,8,instagram,113,False,True,,True,6,teto,nervoso
2021-03-21 10:26:30,9,2,7,instagram,106,False,False,,True,2,cintura,calmo
2024-10-11 18:31:04,8,3,7,whatsapp,24,False,False,,True,2,tornozelo,calmo
2025-01-21 01:00:12,47,0,7,whatsapp,94,False,False,,True,4,teto,nervoso
2025-10-18 07:18:10,30,2,2,instagram,91,False,False,,False,1,tornozelo,calmo
2026-03-02 03:54:45,8,3,7,190,79,False,False,,True,0,tornozelo,nervoso
2023-07-11 01:21:50,37,4,1,190,42,False,False,,True,3,teto,nervoso
2023-12-14 12:41:44,13,2,6,instagram,25,True,False,,True,4,teto,calmo
2023-03-24 02:41:01,5,4,7,whatsapp,75,False,True,,False,6,teto,calmo
2024-08-14 07:15:09,1,4,7,whatsapp,59,False,False,,True,3,cintura,panico
2025-04-10 20:59:40,0,2,7,whatsapp,41,True,False,,True,0,cintura,calmo
2024-09-28 09:00:10,38,2,8,whatsapp,99,True,False,,True,3,cintura,nervoso
2022-07-19 03:36:50,14,2,1,whatsapp,53,False,False,,True,2,teto,calmo
2025-01-25 08:20:54,31,2,3,whatsapp,0,False,False,,False,1,tornozelo,panico
2025-05-15 08:04:55,46,4,5,whatsapp,73,False,False,,True,4,teto,nervoso
2020-04-23 13:10:59,46,4,7,190,50,False,False,,False,5,teto,panico
2022-09-23 06:53:42,0,1,8,190,74,False,False,,True,2,tornozelo,calmo
2023-09-22 20:26:11,26,2,2,190,38,False,True,,True,3,teto,nervoso
2022-03-11 15:14:28,45,3,2,whatsapp,83,False,True,,True,6,teto,panico
2024-01-14 19:49:21,31,1,2,whatsapp,116,False,False,,True,4,teto,panico
2020-12-31 10:51:03,32,1,5,190,52,False,False,,True,1,tornozelo,panico
2020-04-24 15:19:57,39,2,5,whatsapp,37,True,False,,True,3,teto,nervoso
2025-06-03 12:19:08,39,4,4,190,12,True,False,,False,5,teto,panico
2024-12-21 05:35:34,41,4,9,190,73,False,False,,True,0,cintura,panico
2022-02-14 02:25:35,14,1,5,instagram,85,False,False,,True,0,cintura,nervoso
2020-05-22 20:21:30,9,2,1,whatsapp,27,False,False,,False,0,tornozelo,calmo
2023-10-17 11:16:59,6,0,6,instagram,34,True,False,,False,2,tornozelo,nervoso
2021-11-11 23:34:18,14,2,4,instagram,113,False,False,,True,1,cintura,nervoso
2024-10-19 01:24:35,37,2,1,instagram,110,True,False,,True,4,teto,nervoso
2024-04-27 15:07:31,47,1,7,whatsapp,85,False,False,,True,0,tornozelo,panico
2025-01-28 08:18:05,14,3,6,instagram,39,False,True,,True,4,cintura,panico
2023-11-10 16:57:27,17,2,9,whatsapp,56,False,False,,True,1,tornozelo,calmo
2025-10-02 19:58:37,36,3,5,whatsapp,104,True,True,,True,6,teto,nervoso
2022-03-22 22:29:27,1,2,7,whatsapp,5,False,False,,True,3,teto,nervoso
2023-11-25 02:04:00,33,2,5,190,81,False,False,,False,3,teto,nervoso
2026-02-01 18:18:29,28,1,2,190,72,False,False,,True,1,tornozelo,calmo
2024-12-24 17:52:23,34,2,4,instagram,35,False,False,,True,0,tornozelo,nervoso
2023-01-30 02:29:29,16,1,7,instagram,5,False,False,,True,2,tornozelo,panico
2020-08-02 09:18:49,42,3,4,whatsapp,80,False,False,,True,2,cintura,nervoso
2022-07-05 23:37:55,1,2,4,whatsapp,96,True,False,,True,2,cintura,calmo
2022-11-03 17:31:16,17,2,1,instagram,88,False,False,,True,1,cintura,nervoso
2026-03-13 18:05:42,16,1,8,whatsapp,59,True,False,,True,3,tornozelo,panico
2023-07-23 22:39:33,28,4,5,whatsapp,72,False,False,,True,4,teto,calmo
2026-03-03 22:51:34,16,2,6,instagram,78,False,False,,True,2,tornozelo,calmo
2026-01-23 14:29:12,20,3,6,whatsapp,27,False,False,,True,5,teto,panico
2025-03-29 20:55:02,30,2,7,190,82,False,False,,False,2,tornozelo,nervoso
2026-01-09 03:29:17,16,0,7,190,14,False,False,,True,1,tornozelo,calmo
2020-05-02 19:26:13,37,1,5,whatsapp,56,False,False,,True,2,teto,calmo
2022-08-14 09:25:55,14,1,6,instagram,0,False,False,,False,0,teto,calmo
2020-01-17 15:47:37,23,4,8,190,101,False,False,,True,4,tornozelo,panico
2021-12-06 20:22:07,23,2,7,instagram,84,False,True,,True,4,cintura,panico
2023-03-07 11:34:06,41,2,9,190,44,True,False,,True,4,teto,nervoso
